variant,episode,seed,inference,latency_ms
first1,1,42,1,33207.07870199999
first1,1,42,2,800.6175200000598
first1,1,42,3,755.7701939999788
first1,1,42,4,694.5866659998501
first1,1,42,5,689.6500220000235
first1,1,42,6,674.7424850000243
first1,1,42,7,927.2409870000047
first1,1,42,8,693.1602720001138
first1,1,42,9,634.0883880000092
first1,1,42,10,625.0005399999736
first1,1,42,11,631.9064459999026
first1,1,42,12,636.1472930000218
first1,1,42,13,631.4392809999845
first1,1,42,14,622.4833539999963
first1,1,42,15,627.0408379998571
first1,1,42,16,631.676490000018
first1,1,42,17,625.655881000057
first1,1,42,18,627.173970000058
first1,1,42,19,627.7717860000394
first1,1,42,20,624.7946600001342
first1,1,42,21,637.6073389999419
first1,1,42,22,672.4814719998449
first1,1,42,23,643.1979550000051
first1,1,42,24,656.4256049998676
first1,1,42,25,639.8313939998843
first1,1,42,26,637.4512869999762
first1,1,42,27,652.2798149999289
first1,1,42,28,632.1432219999679
first1,1,42,29,631.2064930000361
first1,1,42,30,635.1015129998814
first1,1,42,31,644.7833940001146
first1,1,42,32,648.8844499999686
first1,1,42,33,633.9012790001561
first1,1,42,34,624.7785840000688
first1,1,42,35,653.0835809999189
first1,1,42,36,621.1229289999665
first1,1,42,37,687.2698939998827
first1,1,42,38,672.7936299998873
first1,1,42,39,632.10707799999
first1,1,42,40,646.7861220000941
first1,1,42,41,655.1289609999458
first1,1,42,42,628.0695729999479
first1,1,42,43,653.5329969999566
first1,1,42,44,656.5961730000254
first1,1,42,45,639.2236809999758
first1,1,42,46,644.9032670000179
first1,1,42,47,639.0375240000594
first1,1,42,48,675.1199260002068
first1,1,42,49,634.2382919999636
first1,1,42,50,641.5158770000744
first1,1,42,51,645.7204759999513
first1,1,42,52,640.4401750000943
first1,1,42,53,631.4718379999249
first1,1,42,54,701.2482709999404
first1,1,42,55,647.409388999904
first1,1,42,56,645.6797200000892
first1,1,42,57,642.2121489999881
first1,1,42,58,664.6600320000289
first1,1,42,59,631.3462260000051
first1,1,42,60,632.4282900000071
first1,1,42,61,634.8740460000499
first1,1,42,62,649.3054509999183
first1,1,42,63,629.8198219999449
first1,1,42,64,656.4104620001672
first1,1,42,65,636.2329230000796
first1,1,42,66,658.3187969999926
first1,1,42,67,646.5628739999829
first1,1,42,68,645.3434820000439
first1,1,42,69,629.4135350001397
first1,1,42,70,693.2969300000877
first1,1,42,71,639.9342669999442
first1,1,42,72,651.3209409999945
first1,1,42,73,647.7264659999946
first1,1,42,74,643.1369919998815
first1,1,42,75,640.3634000000693
first1,1,42,76,642.9098879998492
first1,1,42,77,629.5909820000816
first1,1,42,78,635.2711560000444
first1,1,42,79,643.4449359999235
first1,1,42,80,628.7926899999547
first1,1,42,81,712.6563959998293
first1,1,42,82,721.030583999891
first1,1,42,83,646.3180020000436
first1,1,42,84,660.1201020000644
first1,1,42,85,650.8166430000983
first1,1,42,86,672.1641430001455
first1,1,42,87,678.9567200000874
first1,1,42,88,636.3312630001019
first1,1,42,89,635.3827719999572
first1,1,42,90,640.2306840000165
first1,1,42,91,634.5219389997965
first1,1,42,92,647.8953360001469
first1,1,42,93,655.6238380001105
first1,1,42,94,648.2384010000715
first1,1,42,95,654.6274020001874
first1,1,42,96,639.056035999829
first1,1,42,97,641.4271149999422
first1,1,42,98,669.1459010000926
first1,1,42,99,640.6193379998513
first1,1,42,100,630.7208739999624
first1,1,42,101,690.0415260001864
first1,1,42,102,641.7485900001338
first1,1,42,103,637.3169910000342
first1,1,42,104,637.3612590000448
first1,1,42,105,629.0837150002062
first1,1,42,106,655.3719959999853
first1,1,42,107,637.5644459999421
first1,1,42,108,645.4225890001908
first1,1,42,109,658.0551480001304
first1,1,42,110,630.6284089998826
first1,1,42,111,632.7837660001023
first1,1,42,112,637.0668910001314
first1,1,42,113,641.45657999984
first1,1,42,114,632.901443000037
first1,1,42,115,640.1282219999302
first1,1,42,116,654.2322739999236
first1,1,42,117,683.1577269999798
first1,1,42,118,665.9029790000659
first1,1,42,119,650.6310290001238
first1,1,42,120,644.8721110000406
first1,1,42,121,635.7709479998448
first1,1,42,122,631.3429549998091
first1,1,42,123,648.679441000013
first1,1,42,124,648.6036440001044
first1,1,42,125,640.4911639999682
first1,1,42,126,647.9890759999307
first1,1,42,127,641.5224820000276
first1,1,42,128,638.3938129999933
first1,1,42,129,636.2114240000665
first1,1,42,130,641.0930380000082
first1,1,42,131,642.4267019999661
first1,1,42,132,629.6040570000514
first1,1,42,133,721.6356819999419
first1,1,42,134,635.081239000101
first1,1,42,135,637.6279999999497
first1,1,42,136,647.5762180000402
first1,1,42,137,624.748929000134
first1,1,42,138,620.3282960000251
first1,1,42,139,640.1321710000047
first1,1,42,140,627.7007520000097
first1,1,42,141,642.3831730000984
first1,1,42,142,640.3835040000558
first1,1,42,143,629.382588999988
first1,1,42,144,632.2209420000036
first1,1,42,145,654.4530559999657
first1,1,42,146,636.0249640001712
first1,1,42,147,640.3718990000016
first1,1,42,148,627.961656000025
first1,1,42,149,685.1402760000838
first1,1,42,150,633.389545
first1,1,42,151,637.9037799999878
first1,1,42,152,646.3397729999087
first1,1,42,153,635.3833969999414
first1,1,42,154,648.9005060000181
first1,1,42,155,637.7039760000116
first1,1,42,156,628.933748999998
first1,1,42,157,626.6699220000191
first1,1,42,158,639.5025090000672
first1,1,42,159,631.5251099999841
first1,1,42,160,638.6956389999341
first1,1,42,161,642.518821999829
first1,1,42,162,624.0151499998774
first1,1,42,163,642.2659930001373
first1,1,42,164,637.3975709998376
first1,1,42,165,686.4119260001189
first1,1,42,166,634.3110569998771
first1,1,42,167,648.9854199999172
first1,1,42,168,649.0316130000338
first1,1,42,169,644.8377330000312
first1,1,42,170,642.1958690000338
first1,1,42,171,623.9673149998453
first1,1,42,172,644.9409100000594
first1,1,42,173,637.439231999906
first1,1,42,174,643.1335229999604
first1,1,42,175,647.8417979999449
first1,1,42,176,645.6317409999883
first1,1,42,177,638.3683840001595
first1,1,42,178,652.9846849998648
first1,1,42,179,639.2858389999674
first1,1,42,180,647.333966999895
first1,1,42,181,703.6145689999103
first1,1,42,182,654.3046550000327
first1,1,42,183,643.7013109998588
first1,1,42,184,641.7687559999194
first1,1,42,185,664.8408430000927
first1,1,42,186,637.6297159999922
first1,1,42,187,639.5767379999597
first1,1,42,188,642.0695059998707
first1,1,42,189,639.4138250000196
first1,1,42,190,638.9620429999923
first1,1,42,191,636.452988999963
first1,1,42,192,638.4573730001648
first1,1,42,193,651.7859010000393
first1,1,42,194,658.8704430000689
first1,1,42,195,641.8995450001148
first1,1,42,196,627.2077959999933
first1,1,42,197,671.2828710001304
first1,1,42,198,634.8625539999375
first1,1,42,199,625.7847370000036
first1,1,42,200,708.6586219998026
first1,1,42,201,644.6843579999495
first1,1,42,202,643.2238889999553
first1,1,42,203,628.7894740000866
first1,1,42,204,623.5440980001385
first1,1,42,205,636.2799109999742
first1,1,42,206,639.0274039999895
first1,1,42,207,635.8397489998424
first1,1,42,208,634.6013360000597
first1,1,42,209,643.3693740000308
first1,1,42,210,631.7336609999984
first1,1,42,211,630.4437519997919
first1,1,42,212,640.8879119999256
first1,1,42,213,672.2498580002139
first1,1,42,214,636.4717720000499
first1,1,42,215,650.6673659998796
first1,1,42,216,627.2084929998982
first1,1,42,217,635.9833869998965
first1,1,42,218,637.9688560000432
first1,1,42,219,628.6272820000249
first1,1,42,220,636.0421159999987
first1,1,42,221,640.5650290000722
first1,1,42,222,641.198309000174
first1,1,42,223,770.1050429998304
first1,1,42,224,944.4247970000106
first1,1,42,225,834.8107689998869
first1,1,42,226,634.7593909999887
first1,1,42,227,650.8784630000264
first1,1,42,228,679.4833520000338
first1,1,42,229,641.741563000096
first1,1,42,230,644.124409999904
first1,1,42,231,640.1699059999828
first1,1,42,232,632.6575729999604
first1,1,42,233,621.1180459999923
first1,1,42,234,641.1571860001004
first1,1,42,235,645.9545819998311
first1,1,42,236,634.5802989999356
first1,1,42,237,626.1209770000278
first1,1,42,238,628.6430620000374
first1,1,42,239,632.203102999938
first1,1,42,240,644.6402179999495
first1,1,42,241,626.4227579999897
first1,1,42,242,661.6973000000144
first1,1,42,243,700.980983999898
first1,1,42,244,677.3042439999699
first1,1,42,245,657.5238180000724
first1,1,42,246,629.4286120000834
first1,1,42,247,626.0738170001332
first1,1,42,248,635.9364959998857
first1,1,42,249,641.3063119998696
first1,1,42,250,639.2620599999645
first1,1,42,251,633.6035959998298
first1,1,42,252,632.718733000047
first1,1,42,253,640.2558209999825
first1,1,42,254,625.2822199999173
first1,1,42,255,630.8292169999277
first1,1,42,256,636.6827409999587
first1,1,42,257,629.0651029999026
first1,1,42,258,620.4476290001821
first1,1,42,259,636.2339980000797
first1,1,42,260,655.5930990000434
first1,1,42,261,645.4352829998697
first1,1,42,262,630.4539620000469
first1,1,42,263,634.8902889999408
first1,1,42,264,643.5792709999077
first1,1,42,265,631.7638600000919
first1,1,42,266,642.6239610000266
first1,1,42,267,636.1604199998965
first1,1,42,268,641.3645079999242
first1,1,42,269,645.1715410000816
first1,1,42,270,632.8742979999333
first1,1,42,271,638.4955399998944
first1,1,42,272,639.7960770000282
first1,1,42,273,633.0707189999885
first1,1,42,274,637.6455930001157
first1,1,42,275,635.3309309999986
first1,1,42,276,682.42420699994
first1,1,42,277,662.500318000184
first1,1,42,278,636.9485639997947
first1,1,42,279,641.5007589998822
first1,1,42,280,649.2867740000747
first1,1,42,281,650.2271019999171
first1,1,42,282,834.2333949999556
first1,1,42,283,847.8001569999378
first1,1,42,284,830.1705989999846
first1,1,42,285,837.4134319999484
first1,1,42,286,856.7933520000679
first1,1,42,287,770.2147200000127
first1,1,42,288,758.1598349997876
first1,1,42,289,769.6809059998486
first1,1,42,290,748.6512870000297
first1,1,42,291,675.3682429998662
first1,1,42,292,652.682890000051
first1,1,42,293,637.84342200006
first1,1,42,294,637.5888039999609
first1,1,42,295,644.7083000000475
first1,1,42,296,634.7288870001648
first1,1,42,297,632.2917160000543
first1,1,42,298,629.674328999954
first1,1,42,299,657.9255169999669
first1,1,42,300,634.1730360002202
first1,1,42,301,618.8819510000485
first1,1,42,302,635.024655000052
first1,1,42,303,629.1402529998322
first1,1,42,304,630.42733400016
first1,1,42,305,673.4926369999812
first1,1,42,306,638.0073650000213
first1,1,42,307,647.8138920001584
first1,1,42,308,648.4557740000128
first1,1,42,309,630.7590080000409
first1,1,42,310,623.590479999848
first1,1,42,311,647.0989540000573
first1,1,42,312,668.9652049999495
first1,1,42,313,667.9190479999306
first1,1,42,314,652.9145029999199
first1,1,42,315,645.3057139999601
first1,1,42,316,740.4722599999332
first1,1,42,317,781.719922999855
first1,1,42,318,797.5204839999606
first1,1,42,319,744.2334419999952
first1,1,42,320,822.640027000034
first1,1,42,321,721.001385999898
first1,1,42,322,804.0859850000288
first1,1,42,323,955.1539100000355
first1,1,42,324,902.9297359998054
first1,1,42,325,819.4170790000044
first1,1,42,326,905.1946980000594
first1,1,42,327,819.2534010001964
first1,1,42,328,760.1253420000376
first1,1,42,329,847.9959530000087
first1,1,42,330,836.4280050000161
first1,1,42,331,762.231563999876
first1,1,42,332,654.9831259999337
first1,1,42,333,752.2079900002154
first1,1,42,334,699.2276580001544
first1,1,42,335,704.7943340000984
first1,1,42,336,705.3131099999064
first1,1,42,337,708.8955309998255
first1,1,42,338,692.5708230000964
first1,1,42,339,693.6014580001029
first1,1,42,340,710.979271000042
first1,1,42,341,686.6466760000094
first1,1,42,342,685.5209670000022
first1,1,42,343,650.1272389998576
first1,1,42,344,625.012661000028
first1,1,42,345,636.886633000131
first1,1,42,346,635.2193400000488
first1,1,42,347,662.7251419999993
first1,1,42,348,798.5455769999135
first1,1,42,349,752.949406000198
first1,1,42,350,732.6052460000483
first1,1,42,351,721.7721829999846
first1,1,42,352,666.8703489999643
first1,1,42,353,645.3875559998323
first1,1,42,354,836.501601000009
first1,1,42,355,636.1380379998991
first1,1,42,356,629.9845890000597
first1,1,42,357,654.0744149999682
first1,1,42,358,648.726914000008
first1,1,42,359,636.1685770000349
first1,1,42,360,652.4206239998875
first1,1,42,361,662.5000870001259
first1,1,42,362,647.4201039998206
first1,1,42,363,699.596111000119
first1,1,42,364,649.4513269999516
first1,1,42,365,645.0041049999982
first1,1,42,366,644.0646050000396
first1,1,42,367,647.8413740001088
first1,1,42,368,622.7114650000658
first1,1,42,369,642.832842999951
first1,1,42,370,645.2131199998803
first1,1,42,371,630.8911140001783
first1,1,42,372,637.7923570000803
first1,1,42,373,641.9021140000041
first1,1,42,374,640.1282419999461
first1,1,42,375,630.1121440001225
first1,1,42,376,626.4120670000466
first1,1,42,377,636.2115089998497
first1,1,42,378,671.7987210001866
first1,1,42,379,742.2986960000344
first1,1,42,380,671.8103519999659
first1,1,42,381,692.2595859998637
first1,1,42,382,685.3875760000392
first1,1,42,383,791.3173209999513
first1,1,42,384,693.7431610001568
first1,1,42,385,728.5046090000833
first1,1,42,386,707.9192179999154
first1,1,42,387,745.2409669999724
first1,1,42,388,637.585362000209
first1,1,42,389,656.8013010000868
first1,1,42,390,634.8070170001847
first1,1,42,391,650.3133190001336
first1,1,42,392,648.089255000059
first1,1,42,393,646.4990810000018
first1,1,42,394,696.2298400001146
first1,1,42,395,631.0296730000573
first1,1,42,396,668.9513169999373
first1,1,42,397,639.5543129999623
first1,1,42,398,643.2426030000897
first1,1,42,399,633.2279989999279
first1,1,42,400,646.9793139999638
first1,2,43,1,2995.2372160000778
first1,2,43,2,806.5820649999296
first1,2,43,3,811.7762739998398
first1,2,43,4,767.9551520000132
first1,2,43,5,1148.3036860001903
first1,2,43,6,1632.4800390000291
first1,2,43,7,940.3880620000109
first1,2,43,8,1098.9717100001144
first1,2,43,9,956.1542500000542
first1,2,43,10,974.4642350001413
first1,2,43,11,1041.8470940001043
first1,2,43,12,685.5716829998073
first1,2,43,13,610.3871150000941
first1,2,43,14,737.9484909999974
first1,2,43,15,748.8212279999971
first1,2,43,16,730.9256599999117
first1,2,43,17,716.7706529999123
first1,2,43,18,669.1367270000228
first1,2,43,19,648.6640890000217
first1,2,43,20,719.9379650000992
first1,2,43,21,629.1648639999039
first1,2,43,22,672.0541619999949
first1,2,43,23,625.8674739999606
first1,2,43,24,630.418926999937
first1,2,43,25,587.6925249999658
first1,2,43,26,541.5103819998421
first1,2,43,27,537.576405999971
first1,2,43,28,610.4500419999113
first1,2,43,29,579.4928779998827
first1,2,43,30,555.200872000114
first1,2,43,31,564.3190700000105
first1,2,43,32,541.8488279999565
first1,2,43,33,548.652630000106
first1,2,43,34,544.4418859999587
first1,2,43,35,534.915109999929
first1,2,43,36,541.8628999998418
first1,2,43,37,563.2250919998114
first1,2,43,38,535.3628440000193
first1,2,43,39,550.2504379999209
first1,2,43,40,553.3554510000158
first1,2,43,41,572.0924219999688
first1,2,43,42,548.1523070000094
first1,2,43,43,589.9632080001993
first1,2,43,44,551.3352930001929
first1,2,43,45,558.6617450001086
first1,2,43,46,567.1546969999781
first1,2,43,47,541.8681839998953
first1,2,43,48,539.7300360000372
first1,2,43,49,540.9901069999705
first1,2,43,50,553.0389509999623
first1,2,43,51,549.3402659999447
first1,2,43,52,543.5268290000295
first1,2,43,53,551.3124290000633
first1,2,43,54,546.373745999972
first1,2,43,55,550.6045020001693
first1,2,43,56,553.0610129999332
first1,2,43,57,547.5224159999925
first1,2,43,58,549.1164299999127
first1,2,43,59,566.4854860001469
first1,2,43,60,563.6010589998932
first1,2,43,61,587.713014999963
first1,2,43,62,600.0354620000508
first1,2,43,63,616.2706170000547
first1,2,43,64,557.4621939999815
first1,2,43,65,547.5295549999828
first1,2,43,66,538.2630849999259
first1,2,43,67,538.5730039999999
first1,2,43,68,558.866111000043
first1,2,43,69,543.4843150001143
first1,2,43,70,544.2245579999963
first1,2,43,71,550.4293589999634
first1,2,43,72,580.5404250002084
first1,2,43,73,609.5855780001784
first1,2,43,74,570.538230000011
first1,2,43,75,541.7888189999758
first1,2,43,76,535.5892510001468
first1,2,43,77,553.7600759998895
first1,2,43,78,554.2421380000633
first1,2,43,79,558.7521759998708
first1,2,43,80,538.08774800018
first1,2,43,81,605.8867880001344
first1,2,43,82,549.3313330000547
first1,2,43,83,543.6628879999716
first1,2,43,84,545.2762510001321
first1,2,43,85,550.7077019999542
first1,2,43,86,557.8439170001275
first1,2,43,87,611.479281000129
first1,2,43,88,568.9810860001216
first1,2,43,89,571.2130510000861
first1,2,43,90,544.3755629999032
first1,2,43,91,552.684981000084
first1,2,43,92,559.923192000042
first1,2,43,93,538.40646499998
first1,2,43,94,545.6489399998645
first1,2,43,95,550.2539300000535
first1,2,43,96,555.4930959999638
first1,2,43,97,549.4210269998803
first1,2,43,98,543.6080540000603
first1,2,43,99,549.4842250000147
first1,2,43,100,544.5539710001412
first1,2,43,101,552.6258170000347
first1,2,43,102,605.1801630001137
first1,2,43,103,538.873133999914
first1,2,43,104,552.385342999969
first1,2,43,105,565.7329430000573
first1,2,43,106,556.4403710000079
first1,2,43,107,549.9498839999433
first1,2,43,108,551.5258560001257
first1,2,43,109,563.2099849999577
first1,2,43,110,547.6286919999893
first1,2,43,111,573.4000090001246
first1,2,43,112,551.1170129998391
first1,2,43,113,897.444471999961
first1,2,43,114,651.0461200000464
first1,2,43,115,562.3332850000224
first1,2,43,116,602.4236109999492
first1,2,43,117,565.0834800001121
first1,2,43,118,572.0460110001113
first1,2,43,119,545.1986979999219
first1,2,43,120,570.4071749999002
first1,2,43,121,541.1356060001253
first1,2,43,122,548.007914999971
first1,2,43,123,563.8253439999517
first1,2,43,124,557.246239999813
first1,2,43,125,556.149681000079
first1,2,43,126,565.9938060000513
first1,2,43,127,544.4521300000815
first1,2,43,128,550.9310400000231
first1,2,43,129,565.1004930000454
first1,2,43,130,564.9790410000151
first1,2,43,131,657.6694420000422
first1,2,43,132,578.9910679998229
first1,2,43,133,563.5207829998308
first1,2,43,134,549.6759290001592
first1,2,43,135,555.2582100001473
first1,2,43,136,550.200286999825
first1,2,43,137,558.0027900000459
first1,2,43,138,542.1911290000025
first1,2,43,139,550.4030110000713
first1,2,43,140,553.5234119997767
first1,2,43,141,553.3623890000854
first1,2,43,142,562.4038169999039
first1,2,43,143,557.1922740000446
first1,2,43,144,537.8060850002839
first1,2,43,145,568.5378480002328
first1,2,43,146,561.8980059998648
first1,2,43,147,553.5931370000071
first1,2,43,148,554.6353270001418
first1,2,43,149,561.3653760001398
first1,2,43,150,555.5583610002941
first1,2,43,151,556.4008579999609
first1,2,43,152,560.0490020001416
first1,2,43,153,559.5014239997909
first1,2,43,154,581.4290220000657
first1,2,43,155,575.2784930000416
first1,2,43,156,562.1928909999951
first1,2,43,157,569.357595999918
first1,2,43,158,556.2654079999447
first1,2,43,159,553.3307040000182
first1,2,43,160,609.9420479999935
first1,2,43,161,567.1158420000211
first1,2,43,162,557.4708939998345
first1,2,43,163,563.6366280000402
first1,2,43,164,556.9210100002238
first1,2,43,165,550.0372709998373
first1,2,43,166,558.1728090000979
first1,2,43,167,549.2186500000571
first1,2,43,168,546.9756960001178
first1,2,43,169,565.1608449998093
first1,2,43,170,560.6887179997102
first1,2,43,171,550.8901059997697
first1,2,43,172,544.907066000178
first1,2,43,173,550.4999609997867
first1,2,43,174,557.6951839998401
first1,2,43,175,620.9873170000719
first1,2,43,176,570.6391230000918
first1,2,43,177,565.744617999826
first1,2,43,178,557.8634260000399
first1,2,43,179,564.8099080003703
first1,2,43,180,568.4762730002149
first1,2,43,181,558.130508999966
first1,2,43,182,557.9205359999833
first1,2,43,183,584.8393579999538
first1,2,43,184,573.5129849999794
first1,2,43,185,578.8376670002435
first1,2,43,186,572.8299309998874
first1,2,43,187,603.0985050001618
first1,2,43,188,579.3585139999777
first1,2,43,189,564.9239450003734
first1,2,43,190,544.2692599999646
first1,2,43,191,569.4581500001732
first1,2,43,192,556.2058660002549
first1,2,43,193,559.0612129999499
first1,2,43,194,564.0797470000507
first1,2,43,195,558.27403100011
first1,2,43,196,565.2189269999326
first1,2,43,197,566.3170320003701
first1,2,43,198,558.3000650003669
first1,2,43,199,563.6798479999925
first1,2,43,200,566.9226589998289
first1,2,43,201,553.075938999882
first1,2,43,202,553.5119410001244
first1,2,43,203,575.227721000374
first1,2,43,204,589.9220770002103
first1,2,43,205,541.6611199998442
first1,2,43,206,580.8687710000413
first1,2,43,207,557.1434370003772
first1,2,43,208,554.5498790002057
first1,2,43,209,568.2250780000686
first1,2,43,210,553.7257470000441
first1,2,43,211,547.5672939996912
first1,2,43,212,580.4875290000382
first1,2,43,213,540.7732680000663
first1,2,43,214,538.9352759998474
first1,2,43,215,557.8874510001697
first1,2,43,216,552.4855220000973
first1,2,43,217,552.4918269998125
first1,2,43,218,556.5654399997584
first1,2,43,219,601.1015049998605
first1,2,43,220,558.6076549998324
first1,2,43,221,572.0903060000637
first1,2,43,222,551.5745329998936
first1,2,43,223,551.7999560001954
first1,2,43,224,566.8875659998776
first1,2,43,225,572.420831999807
first1,2,43,226,567.5741069999276
first1,2,43,227,589.8690230001193
first1,2,43,228,584.2247800001132
first1,2,43,229,572.4758080000356
first1,2,43,230,578.4486440002183
first1,2,43,231,575.3659090000838
first1,2,43,232,562.2622800001409
first1,2,43,233,544.621910999922
first1,2,43,234,599.8872390000543
first1,2,43,235,562.1513780001806
first1,2,43,236,548.9535039996554
first1,2,43,237,552.1339000001717
first1,2,43,238,548.417119000078
first1,2,43,239,557.954921000146
first1,2,43,240,557.9323559995828
first1,2,43,241,562.223348000316
first1,2,43,242,550.9676410001703
first1,2,43,243,583.8872250001259
first1,2,43,244,555.2711909999744
first1,2,43,245,547.4080799999683
first1,2,43,246,575.4077279998455
first1,2,43,247,555.3940859999784
first1,2,43,248,575.43886700023
first1,2,43,249,562.8150130000904
first1,2,43,250,558.585175999724
first1,2,43,251,611.6515939997953
first1,2,43,252,569.2453850001584
first1,2,43,253,555.3037109998513
first1,2,43,254,548.1047460002628
first1,2,43,255,635.5914480000138
first1,2,43,256,693.731163999928
first1,2,43,257,776.7005499999868
first1,2,43,258,745.162702000016
first1,2,43,259,793.3651230000578
first1,2,43,260,707.4053030000869
first1,2,43,261,686.7168779999702
first1,2,43,262,749.8417420001715
first1,2,43,263,700.8521429997927
first1,2,43,264,649.0141790000052
first1,2,43,265,698.1137190000481
first1,2,43,266,641.3806179998573
first1,2,43,267,744.0553209999052
first1,2,43,268,763.7206859999424
first1,2,43,269,585.9330369999043
first1,2,43,270,573.836750999817
first1,2,43,271,621.5298369997981
first1,2,43,272,575.0816219997432
first1,2,43,273,566.9877469999847
first1,2,43,274,599.1571559998192
first1,2,43,275,579.3146099999831
first1,2,43,276,581.9764679999935
first1,2,43,277,575.9553130001223
first1,2,43,278,577.1008920000895
first1,2,43,279,587.7297769998222
first1,2,43,280,561.7649519999759
first1,2,43,281,577.1127990001332
first1,2,43,282,569.7542689999864
first1,2,43,283,575.8844749998389
first1,2,43,284,573.7155490000987
first1,2,43,285,601.5436359998603
first1,2,43,286,574.8706100002892
first1,2,43,287,581.1159370000496
first1,2,43,288,630.4838149999341
first1,2,43,289,581.8486470002426
first1,2,43,290,578.0546850000974
first1,2,43,291,630.6439169998157
first1,2,43,292,658.4119130002364
first1,2,43,293,668.2304870000735
first1,2,43,294,787.7732359997935
first1,2,43,295,664.0387580000606
first1,2,43,296,706.7048140002044
first1,2,43,297,691.4122210000642
first1,2,43,298,669.3973940000433
first1,2,43,299,734.9457800000891
first1,2,43,300,739.8674519999986
first1,2,43,301,643.4759790004136
first1,2,43,302,624.0494289995695
first1,2,43,303,595.2936740000041
first1,2,43,304,623.1230759999562
first1,2,43,305,640.9408019999319
first1,2,43,306,613.6396699998841
first1,2,43,307,723.0644480000592
first1,2,43,308,614.0458919999219
first1,2,43,309,613.6311720001686
first1,2,43,310,592.4829870000394
first1,2,43,311,604.9357659999259
first1,2,43,312,612.0027960000698
first1,2,43,313,604.3563330003963
first1,2,43,314,586.6596030000437
first1,2,43,315,581.7580140001155
first1,2,43,316,576.7365289998452
first1,2,43,317,576.5997210000933
first1,2,43,318,566.6195859998879
first1,2,43,319,560.5861280000681
first1,2,43,320,572.3652520000542
first1,2,43,321,557.4675800003206
first1,2,43,322,594.4724599999063
first1,2,43,323,583.7603830000262
first1,2,43,324,562.8243589999329
first1,2,43,325,566.6813630000433
first1,2,43,326,552.8993319999245
first1,2,43,327,639.9749150000389
first1,2,43,328,549.5741860004273
first1,2,43,329,581.540796000354
first1,2,43,330,542.8913550003927
first1,2,43,331,555.2852490000078
first1,2,43,332,575.5573720002758
first1,2,43,333,541.5250230003039
first1,2,43,334,572.7167750001172
first1,2,43,335,561.5432319996216
first1,2,43,336,558.5776590000933
first1,2,43,337,557.1054209999602
first1,2,43,338,554.7093590002987
first1,2,43,339,558.5854430000836
first1,2,43,340,554.640242000005
first1,2,43,341,602.6536069998656
first1,2,43,342,591.123303999666
first1,2,43,343,559.3391850002263
first1,2,43,344,583.0209900000227
first1,2,43,345,547.5839339997037
first1,2,43,346,704.5695570000134
first1,2,43,347,585.0558199999796
first1,2,43,348,610.250108999935
first1,2,43,349,562.3788890002288
first1,2,43,350,570.2803350000067
first1,2,43,351,561.724391000098
first1,2,43,352,560.1402199999939
first1,2,43,353,569.7386619999634
first1,2,43,354,571.8230259999473
first1,2,43,355,700.483745999918
first1,2,43,356,647.7653260003535
first1,2,43,357,563.8797530000375
first1,2,43,358,551.4673020002192
first1,2,43,359,559.8657499999717
first1,2,43,360,563.4232180000254
first1,2,43,361,568.0921409998518
first1,2,43,362,590.4494450001039
first1,2,43,363,573.7599440003578
first1,2,43,364,586.2054520002857
first1,2,43,365,681.9212189998325
first1,2,43,366,574.685583000246
first1,2,43,367,558.352491000278
first1,2,43,368,563.7310890001572
first1,2,43,369,613.1740300002093
first1,2,43,370,594.2229009997391
first1,2,43,371,575.6194719997438
first1,2,43,372,563.0375340001592
first1,2,43,373,553.7891990002208
first1,2,43,374,581.5690669996911
first1,2,43,375,568.1640879997758
first1,2,43,376,582.7031690000695
first1,2,43,377,554.6408539998993
first1,2,43,378,590.0124690001576
first1,2,43,379,571.2008940004125
first1,2,43,380,571.502638000311
first1,2,43,381,578.151625999908
first1,2,43,382,567.5203790001433
first1,2,43,383,621.4745649999713
first1,2,43,384,558.1212580000283
first1,2,43,385,596.742273000018
first1,2,43,386,579.8444629999722
first1,2,43,387,589.0876370003753
first1,2,43,388,575.7568839999294
first1,2,43,389,561.1031690000345
first1,2,43,390,574.1710950001107
first1,2,43,391,591.2525619996813
first1,2,43,392,562.8382579998288
first1,2,43,393,575.2924489997895
first1,2,43,394,574.3965829997251
first1,2,43,395,579.1616490000706
first1,2,43,396,577.5810689997343
first1,2,43,397,630.0406820000717
first1,2,43,398,585.1045580002392
first1,2,43,399,573.9293169999655
first1,2,43,400,588.2229339999867
first1,3,44,1,695.4094009997789
first1,3,44,2,543.1693109999287
first1,3,44,3,573.7952350000342
first1,3,44,4,569.5833319996382
first1,3,44,5,649.3553549998978
first1,3,44,6,587.86867300023
first1,3,44,7,618.003444000351
first1,3,44,8,594.2089070003931
first1,3,44,9,585.0734280002143
first1,3,44,10,616.1784050000279
first1,3,44,11,596.6200620000564
first1,3,44,12,589.7930609999094
first1,3,44,13,609.2511090000698
first1,3,44,14,669.2992110001796
first1,3,44,15,577.56118899988
first1,3,44,16,612.8656939999928
first1,3,44,17,708.3863729999393
first1,3,44,18,613.1024639998941
first1,3,44,19,592.2823480000261
first1,3,44,20,595.6156919996829
first1,3,44,21,601.9959530003689
first1,3,44,22,588.0128560002049
first1,3,44,23,588.7747630004014
first1,3,44,24,581.2732390004385
first1,3,44,25,577.9263690001244
first1,3,44,26,605.5522739998196
first1,3,44,27,605.7483929998853
first1,3,44,28,585.4917229999046
first1,3,44,29,578.0916150001758
first1,3,44,30,583.1865639997886
first1,3,44,31,606.554640000013
first1,3,44,32,638.2663570002478
first1,3,44,33,627.0831310002905
first1,3,44,34,612.2016559997974
first1,3,44,35,584.4707349997407
first1,3,44,36,581.3390849998541
first1,3,44,37,581.274258999656
first1,3,44,38,584.5405009999922
first1,3,44,39,690.1409509996483
first1,3,44,40,659.0312539997285
first1,3,44,41,643.7589249999291
first1,3,44,42,650.0267640003585
first1,3,44,43,617.2031520000019
first1,3,44,44,651.7517620000035
first1,3,44,45,698.9663530002872
first1,3,44,46,663.8108160000229
first1,3,44,47,631.4133480000237
first1,3,44,48,654.373549000411
first1,3,44,49,692.6370000001043
first1,3,44,50,649.8980399996981
first1,3,44,51,629.9725009998838
first1,3,44,52,641.0369029999856
first1,3,44,53,658.0505719998655
first1,3,44,54,667.3606989998007
first1,3,44,55,625.1563720002196
first1,3,44,56,629.1641080001682
first1,3,44,57,665.13747099998
first1,3,44,58,994.9210099998709
first1,3,44,59,834.1973919996235
first1,3,44,60,986.8675709999479
first1,3,44,61,798.0723179998677
first1,3,44,62,784.7160930000427
first1,3,44,63,890.4429010003696
first1,3,44,64,882.5266690000717
first1,3,44,65,948.7067180002668
first1,3,44,66,900.3474779997305
first1,3,44,67,907.1314520001579
first1,3,44,68,679.995007999878
first1,3,44,69,574.2535449999195
first1,3,44,70,580.0310639997406
first1,3,44,71,582.639434000157
first1,3,44,72,591.4991600002395
first1,3,44,73,584.6209100000124
first1,3,44,74,606.7426739996336
first1,3,44,75,590.2851329997247
first1,3,44,76,607.2342160000517
first1,3,44,77,575.4015969996544
first1,3,44,78,664.9568759999056
first1,3,44,79,660.9034099997189
first1,3,44,80,698.8155340000048
first1,3,44,81,696.3586749998285
first1,3,44,82,625.826767000035
first1,3,44,83,594.1613989998586
first1,3,44,84,606.9221200000356
first1,3,44,85,585.1092579996475
first1,3,44,86,582.4984310002037
first1,3,44,87,625.5669980000675
first1,3,44,88,586.5858540000772
first1,3,44,89,578.1144869997661
first1,3,44,90,596.0976080000364
first1,3,44,91,593.1275849998201
first1,3,44,92,608.4090509998532
first1,3,44,93,650.9764359998371
first1,3,44,94,611.8768110000019
first1,3,44,95,617.4864489998981
first1,3,44,96,576.0271699996338
first1,3,44,97,592.1499490000315
first1,3,44,98,618.8304530001005
first1,3,44,99,581.4364640000349
first1,3,44,100,585.2925710000818
first1,3,44,101,611.2699790000988
first1,3,44,102,573.2195179998598
first1,3,44,103,587.1799020001163
first1,3,44,104,597.977267999795
first1,3,44,105,581.5115430000333
first1,3,44,106,604.5977759999914
first1,3,44,107,609.6973120002076
first1,3,44,108,725.1344569999674
first1,3,44,109,634.8815760002253
first1,3,44,110,613.3012109999072
first1,3,44,111,655.8925250001266
first1,3,44,112,622.6585280001018
first1,3,44,113,586.0637420000785
first1,3,44,114,585.3333190002559
first1,3,44,115,596.0679459999483
first1,3,44,116,618.5124660000838
first1,3,44,117,584.6539670001221
first1,3,44,118,608.1450410001707
first1,3,44,119,597.2345329996642
first1,3,44,120,600.84778800001
first1,3,44,121,603.8677379997353
first1,3,44,122,593.3072719999473
first1,3,44,123,602.0175809999273
first1,3,44,124,599.0834999997787
first1,3,44,125,702.4033420002525
first1,3,44,126,623.4537219997947
first1,3,44,127,579.495310999846
first1,3,44,128,616.824077000274
first1,3,44,129,611.6260100002364
first1,3,44,130,576.0663910000403
first1,3,44,131,619.6008580000125
first1,3,44,132,599.7242140001617
first1,3,44,133,615.6245160000253
first1,3,44,134,615.864271999726
first1,3,44,135,596.5822230000413
first1,3,44,136,587.864768000145
first1,3,44,137,638.4527729996989
first1,3,44,138,606.4522889996624
first1,3,44,139,585.1503630001389
first1,3,44,140,614.1395399999965
first1,3,44,141,613.8138030000846
first1,3,44,142,577.5618659999964
first1,3,44,143,609.6937390002495
first1,3,44,144,615.7957939999505
first1,3,44,145,610.5823839998266
first1,3,44,146,657.9877699996359
first1,3,44,147,603.7549730003775
first1,3,44,148,602.1511670001019
first1,3,44,149,608.5515589998067
first1,3,44,150,587.7231009999377
first1,3,44,151,591.250023000157
first1,3,44,152,600.2204710002843
first1,3,44,153,587.1391369996672
first1,3,44,154,602.1375440000156
first1,3,44,155,611.3715860001321
first1,3,44,156,594.4170100001429
first1,3,44,157,599.0300499997829
first1,3,44,158,594.5625230001497
first1,3,44,159,611.7548779998288
first1,3,44,160,620.7223100000192
first1,3,44,161,602.2072450000451
first1,3,44,162,609.7643490002156
first1,3,44,163,591.5492089998224
first1,3,44,164,594.794111000283
first1,3,44,165,591.1846120002338
first1,3,44,166,598.7385630000972
first1,3,44,167,584.6642800001973
first1,3,44,168,601.9136350000736
first1,3,44,169,602.7048869996179
first1,3,44,170,636.7253319999691
first1,3,44,171,593.398051999884
first1,3,44,172,600.1290650001465
first1,3,44,173,646.2177710000105
first1,3,44,174,607.8404840000076
first1,3,44,175,594.726086999799
first1,3,44,176,592.2267129999454
first1,3,44,177,618.5098870000729
first1,3,44,178,588.1982880000578
first1,3,44,179,611.1780799997177
first1,3,44,180,629.154507000294
first1,3,44,181,618.9395440001135
first1,3,44,182,592.372990000058
first1,3,44,183,592.3352060003708
first1,3,44,184,607.3371890001908
first1,3,44,185,579.4180299999425
first1,3,44,186,674.629694000032
first1,3,44,187,593.181493999964
first1,3,44,188,628.1925670000419
first1,3,44,189,591.0749750000832
first1,3,44,190,611.0625480000635
first1,3,44,191,596.8200370002705
first1,3,44,192,607.6958799999375
first1,3,44,193,608.8581799999702
first1,3,44,194,597.7711140003521
first1,3,44,195,594.0162470001269
first1,3,44,196,597.965424999984
first1,3,44,197,596.0497619998932
first1,3,44,198,586.6644100001395
first1,3,44,199,598.6589560002358
first1,3,44,200,596.973939000236
first1,3,44,201,617.6999079998495
first1,3,44,202,590.3271580000364
first1,3,44,203,593.7839709999935
first1,3,44,204,602.1271320000778
first1,3,44,205,590.096080999956
first1,3,44,206,584.7474530000909
first1,3,44,207,573.984510000173
first1,3,44,208,596.8298939997112
first1,3,44,209,634.6613390001039
first1,3,44,210,605.7920429998376
first1,3,44,211,602.5536550000652
first1,3,44,212,585.4158529996312
first1,3,44,213,670.047066999814
first1,3,44,214,592.151764999926
first1,3,44,215,604.9222279998503
first1,3,44,216,589.3589900001643
first1,3,44,217,605.410695000046
first1,3,44,218,599.6496310003749
first1,3,44,219,638.3032749999984
first1,3,44,220,600.2376450001066
first1,3,44,221,600.846102000105
first1,3,44,222,607.3322080001162
first1,3,44,223,613.7613400001101
first1,3,44,224,587.559046000024
first1,3,44,225,636.285460000181
first1,3,44,226,632.231561000026
first1,3,44,227,622.2404260001895
first1,3,44,228,626.3475709997692
first1,3,44,229,594.7816860002604
first1,3,44,230,611.0506140003054
first1,3,44,231,604.7344449998491
first1,3,44,232,576.8031010002233
first1,3,44,233,594.4890640002995
first1,3,44,234,596.2409740000112
first1,3,44,235,585.6761650002227
first1,3,44,236,625.1697210000202
first1,3,44,237,587.4135070002922
first1,3,44,238,599.4966240000394
first1,3,44,239,594.7946169999341
first1,3,44,240,613.7295749999794
first1,3,44,241,606.9291210001211
first1,3,44,242,622.7890039999693
first1,3,44,243,606.1543099999653
first1,3,44,244,590.4479380001249
first1,3,44,245,604.3324280003617
first1,3,44,246,598.1594449999648
first1,3,44,247,577.9765689999294
first1,3,44,248,604.5658289999665
first1,3,44,249,593.6516259998825
first1,3,44,250,618.7684279998393
first1,3,44,251,591.572984999857
first1,3,44,252,573.4142189999147
first1,3,44,253,644.2352310000388
first1,3,44,254,599.5381819998329
first1,3,44,255,632.144573000005
first1,3,44,256,605.9772499997962
first1,3,44,257,591.3384160003261
first1,3,44,258,576.6376030001084
first1,3,44,259,591.1974440000449
first1,3,44,260,585.600255999907
first1,3,44,261,586.8069960001776
first1,3,44,262,636.5219089998391
first1,3,44,263,578.275647999817
first1,3,44,264,612.6292419999118
first1,3,44,265,589.2397269999492
first1,3,44,266,585.1994680001553
first1,3,44,267,639.1827009997542
first1,3,44,268,618.0315360002169
first1,3,44,269,596.4066129999992
first1,3,44,270,697.1603629999663
first1,3,44,271,599.4756459999735
first1,3,44,272,593.2634599998892
first1,3,44,273,614.1822200002025
first1,3,44,274,618.791513999895
first1,3,44,275,585.384611000336
first1,3,44,276,594.659897999918
first1,3,44,277,583.236776999911
first1,3,44,278,604.39816600001
first1,3,44,279,622.897193999961
first1,3,44,280,634.3669990001217
first1,3,44,281,602.1387660002802
first1,3,44,282,612.4759039998935
first1,3,44,283,598.9649000002828
first1,3,44,284,601.2686499998381
first1,3,44,285,602.4159400003555
first1,3,44,286,585.9291070000836
first1,3,44,287,594.0138650003064
first1,3,44,288,597.3776559999351
first1,3,44,289,831.1112799997318
first1,3,44,290,735.1609910001571
first1,3,44,291,613.1927930000529
first1,3,44,292,744.5535100000598
first1,3,44,293,810.2670640000724
first1,3,44,294,718.1337339998208
first1,3,44,295,703.9663430000473
first1,3,44,296,733.8539450001917
first1,3,44,297,601.8744359998891
first1,3,44,298,601.8171460000303
first1,3,44,299,696.3642720002099
first1,3,44,300,740.5083270000432
first1,3,44,301,707.0047800002612
first1,3,44,302,742.4120679997941
first1,3,44,303,650.4056899998432
first1,3,44,304,764.0910840000288
first1,3,44,305,709.5937600001889
first1,3,44,306,634.7409059999336
first1,3,44,307,674.5506480001495
first1,3,44,308,662.2058269999798
first1,3,44,309,755.7407279996369
first1,3,44,310,689.1121510002449
first1,3,44,311,664.4612469999629
first1,3,44,312,641.2765000000036
first1,3,44,313,681.6841219997514
first1,3,44,314,650.314931000139
first1,3,44,315,669.6984189998147
first1,3,44,316,681.9330879998233
first1,3,44,317,656.6373979999298
first1,3,44,318,732.49950599984
first1,3,44,319,682.7893869999571
first1,3,44,320,644.7396649996335
first1,3,44,321,636.0904070002107
first1,3,44,322,665.0053180001123
first1,3,44,323,671.8830929999058
first1,3,44,324,699.7736220000661
first1,3,44,325,655.5492439997579
first1,3,44,326,657.0813039998029
first1,3,44,327,659.0418559999307
first1,3,44,328,691.3420159999077
first1,3,44,329,675.8680959997037
first1,3,44,330,694.0327010001965
first1,3,44,331,663.1381369998053
first1,3,44,332,655.0271050000447
first1,3,44,333,645.9143289998792
first1,3,44,334,672.3160329997881
first1,3,44,335,626.5846999999667
first1,3,44,336,724.8736169999574
first1,3,44,337,721.0520190001262
first1,3,44,338,772.356616000252
first1,3,44,339,665.3498430000582
first1,3,44,340,1114.5946060000824
first1,3,44,341,1061.2854760001937
first1,3,44,342,1025.1693599998362
first1,3,44,343,750.2094220003528
first1,3,44,344,796.68585599984
first1,3,44,345,696.5407960001357
first1,3,44,346,662.4271169998792
first1,3,44,347,666.6795999999522
first1,3,44,348,705.2859249997709
first1,3,44,349,666.3630420002846
first1,3,44,350,932.4380389998623
first1,3,44,351,1177.7533439999388
first1,3,44,352,885.8719170002587
first1,3,44,353,695.4946209998525
first1,3,44,354,781.254115000138
first1,3,44,355,623.487433000264
first1,3,44,356,737.9089000000931
first1,3,44,357,630.4986259997349
first1,3,44,358,706.466404999901
first1,3,44,359,691.2251300000207
first1,3,44,360,713.5652369997842
first1,3,44,361,734.8379860000023
first1,3,44,362,689.919282000119
first1,3,44,363,724.687238000115
first1,3,44,364,767.2702330000902
first1,3,44,365,685.0296899997375
first1,3,44,366,708.9002580000852
first1,3,44,367,714.4147809999595
first1,3,44,368,718.2232750001276
first1,3,44,369,718.4028810002019
first1,3,44,370,740.9251899998708
first1,3,44,371,725.1341420001154
first1,3,44,372,784.3530350000947
first1,3,44,373,709.1277189997527
first1,3,44,374,663.776880000114
first1,3,44,375,665.8054889999221
first1,3,44,376,652.379394000036
first1,3,44,377,707.0022909997533
first1,3,44,378,708.539804999873
first1,3,44,379,666.0394780001297
first1,3,44,380,703.7952539999424
first1,3,44,381,653.3394920002138
first1,3,44,382,732.1887129996867
first1,3,44,383,673.9091660001577
first1,3,44,384,774.9731889998657
first1,3,44,385,748.5838080001486
first1,3,44,386,737.6486119997026
first1,3,44,387,751.7777210000531
first1,3,44,388,739.4837229999212
first1,3,44,389,747.2967329999847
first1,3,44,390,730.7123600003251
first1,3,44,391,705.4329929997039
first1,3,44,392,743.9442270001564
first1,3,44,393,735.117769000226
first1,3,44,394,769.8815300000206
first1,3,44,395,735.019175999696
first1,3,44,396,730.8122660001573
first1,3,44,397,698.0472699997335
first1,3,44,398,741.269342999658
first1,3,44,399,728.9977979999094
first1,3,44,400,659.5041499999752
first1,4,45,1,724.5750539996152
first1,4,45,2,726.1922640000193
first1,4,45,3,717.2878320002383
first1,4,45,4,752.1039319999545
first1,4,45,5,787.8278540001702
first1,4,45,6,711.6695089998757
first1,4,45,7,718.6052439997184
first1,4,45,8,703.8241310001467
first1,4,45,9,717.5377710000248
first1,4,45,10,723.7649749999946
first1,4,45,11,746.0170879999168
first1,4,45,12,729.7446160000618
first1,4,45,13,694.5204160001595
first1,4,45,14,733.357604000048
first1,4,45,15,791.3133780002681
first1,4,45,16,763.682522000181
first1,4,45,17,761.4152719997946
first1,4,45,18,757.6243079997766
first1,4,45,19,680.4508879999958
first1,4,45,20,677.4180329998671
first1,4,45,21,720.5653500000153
first1,4,45,22,709.3021079999744
first1,4,45,23,716.2603079996188
first1,4,45,24,734.6745549998559
first1,4,45,25,721.0943909999514
first1,4,45,26,723.9324619999934
first1,4,45,27,807.0136159999493
first1,4,45,28,1042.4097119998805
first1,4,45,29,1063.144741999622
first1,4,45,30,764.3712099998083
first1,4,45,31,839.7492579997561
first1,4,45,32,830.9873839998545
first1,4,45,33,752.734935999797
first1,4,45,34,744.614251999792
first1,4,45,35,717.5398030003635
first1,4,45,36,716.0100549999697
first1,4,45,37,703.6243590000595
first1,4,45,38,721.0874540000987
first1,4,45,39,722.5186189998567
first1,4,45,40,713.2676299997911
first1,4,45,41,738.1033760002538
first1,4,45,42,732.3539740000342
first1,4,45,43,728.519758999937
first1,4,45,44,721.7018690002988
first1,4,45,45,697.7305450000131
first1,4,45,46,734.8775450000176
first1,4,45,47,708.0400989998452
first1,4,45,48,737.1778589999849
first1,4,45,49,761.7159799997353
first1,4,45,50,768.7722199998461
first1,4,45,51,721.2799119997726
first1,4,45,52,713.7093979999918
first1,4,45,53,699.4381869999415
first1,4,45,54,690.3269240001464
first1,4,45,55,724.6675279998271
first1,4,45,56,689.425836999817
first1,4,45,57,712.356649999947
first1,4,45,58,706.9468019999476
first1,4,45,59,711.4965219998339
first1,4,45,60,794.0698639999937
first1,4,45,61,757.9682000000503
first1,4,45,62,714.8679150000135
first1,4,45,63,697.6328959999591
first1,4,45,64,665.4511020001337
first1,4,45,65,697.5174419999348
first1,4,45,66,701.7362320002576
first1,4,45,67,707.6262290001978
first1,4,45,68,703.2310159997905
first1,4,45,69,743.8060489998861
first1,4,45,70,699.1232800000944
first1,4,45,71,710.3025620003791
first1,4,45,72,691.1807629999203
first1,4,45,73,700.5423640002846
first1,4,45,74,747.0852060000652
first1,4,45,75,720.3022489998148
first1,4,45,76,696.4592079998511
first1,4,45,77,676.5378099998998
first1,4,45,78,701.7600850003873
first1,4,45,79,694.9681979999696
first1,4,45,80,707.6940580000155
first1,4,45,81,709.442952000245
first1,4,45,82,678.8785049998296
first1,4,45,83,744.0663610000229
first1,4,45,84,721.0974409999835
first1,4,45,85,730.3419629997734
first1,4,45,86,709.6948910002538
first1,4,45,87,732.1431320001466
first1,4,45,88,751.1631489996944
first1,4,45,89,725.7132270001421
first1,4,45,90,774.4504089996553
first1,4,45,91,828.8819299996248
first1,4,45,92,835.0501400000212
first1,4,45,93,871.3131479998992
first1,4,45,94,848.7490580000667
first1,4,45,95,767.372511999838
first1,4,45,96,752.3851249998188
first1,4,45,97,812.2666199997184
first1,4,45,98,789.5274880002034
first1,4,45,99,858.8109180000174
first1,4,45,100,802.7247819995864
first1,4,45,101,732.5407029998132
first1,4,45,102,742.9088760000013
first1,4,45,103,848.8251169997056
first1,4,45,104,737.823588000083
first1,4,45,105,786.103699999785
first1,4,45,106,787.5435270002527
first1,4,45,107,848.354646000189
first1,4,45,108,722.2178500001064
first1,4,45,109,763.8889830000153
first1,4,45,110,694.3587119999393
first1,4,45,111,724.0634820000196
first1,4,45,112,697.8044019997469
first1,4,45,113,694.4693529999313
first1,4,45,114,709.6005379999042
first1,4,45,115,758.5669869999947
first1,4,45,116,762.37574400011
first1,4,45,117,748.1712809999408
first1,4,45,118,714.4416439996348
first1,4,45,119,720.2501169999778
first1,4,45,120,770.356606000405
first1,4,45,121,740.5630319999545
first1,4,45,122,733.1122840000717
first1,4,45,123,953.0386579999686
first1,4,45,124,892.9519859998436
first1,4,45,125,895.3943849996904
first1,4,45,126,772.4128780000683
first1,4,45,127,715.6022490003124
first1,4,45,128,743.7473820000378
first1,4,45,129,726.524961999985
first1,4,45,130,835.1894050001647
first1,4,45,131,885.4256619997614
first1,4,45,132,841.074725999988
first1,4,45,133,871.3181410003017
first1,4,45,134,815.643664000163
first1,4,45,135,754.7323910002888
first1,4,45,136,859.3768870000531
first1,4,45,137,820.527969000068
first1,4,45,138,705.959356999756
first1,4,45,139,748.4913530001904
first1,4,45,140,701.4917480000804
first1,4,45,141,734.0103740002633
first1,4,45,142,731.4617549996001
first1,4,45,143,685.1035409999895
first1,4,45,144,735.7968650003386
first1,4,45,145,720.2664510000432
first1,4,45,146,729.1190209998604
first1,4,45,147,705.6659969998691
first1,4,45,148,645.5346359998657
first1,4,45,149,726.8050849997962
first1,4,45,150,707.388402000106
first1,4,45,151,695.0299370000721
first1,4,45,152,588.8277639996886
first1,4,45,153,632.1583809999538
first1,4,45,154,683.0619969996405
first1,4,45,155,828.5740810001698
first1,4,45,156,803.0259490001299
first1,4,45,157,775.5451910002193
first1,4,45,158,788.3523820000846
first1,4,45,159,633.3379329998934
first1,4,45,160,598.491458999888
first1,4,45,161,602.9219949996332
first1,4,45,162,591.099801999917
first1,4,45,163,598.3108310001626
first1,4,45,164,605.2788800002418
first1,4,45,165,693.6650190000364
first1,4,45,166,620.9716480002498
first1,4,45,167,613.2932770001389
first1,4,45,168,642.3585729999104
first1,4,45,169,673.5942380000779
first1,4,45,170,601.1290050000753
first1,4,45,171,654.4044759998542
first1,4,45,172,602.2729830001481
first1,4,45,173,610.5704259998674
first1,4,45,174,610.3733979998651
first1,4,45,175,573.96676999997
first1,4,45,176,622.4490759996115
first1,4,45,177,595.5297820000851
first1,4,45,178,588.1235810002181
first1,4,45,179,625.1469740000175
first1,4,45,180,613.231752000047
first1,4,45,181,607.1359130000928
first1,4,45,182,619.3348120000337
first1,4,45,183,614.4731590002266
first1,4,45,184,671.5508300003421
first1,4,45,185,625.4686199999924
first1,4,45,186,628.2203139999183
first1,4,45,187,605.4169119997823
first1,4,45,188,593.1275579996509
first1,4,45,189,631.1300869997467
first1,4,45,190,609.2235619998974
first1,4,45,191,596.7481610000505
first1,4,45,192,625.493101000302
first1,4,45,193,656.7790320000313
first1,4,45,194,593.4895469999901
first1,4,45,195,594.8482950002472
first1,4,45,196,629.7687579999547
first1,4,45,197,597.7563490000648
first1,4,45,198,619.8117830003866
first1,4,45,199,614.9116360002154
first1,4,45,200,613.4525200000098
first1,4,45,201,605.3950159998749
first1,4,45,202,592.8475260002415
first1,4,45,203,617.7401390000341
first1,4,45,204,601.2818189997233
first1,4,45,205,615.6465740000385
first1,4,45,206,589.0930810001009
first1,4,45,207,602.9957030000332
first1,4,45,208,611.9747210000241
first1,4,45,209,591.9936260002032
first1,4,45,210,629.206608000004
first1,4,45,211,637.8360950002389
first1,4,45,212,613.7283479997677
first1,4,45,213,610.618612000053
first1,4,45,214,583.4056180001426
first1,4,45,215,582.4785550003071
first1,4,45,216,604.2822339995837
first1,4,45,217,596.1202720000074
first1,4,45,218,615.3767939999852
first1,4,45,219,604.0445210001053
first1,4,45,220,600.7909299996754
first1,4,45,221,606.1264999998457
first1,4,45,222,593.1930179999654
first1,4,45,223,624.3569189996379
first1,4,45,224,662.5646489997052
first1,4,45,225,601.1261629996625
first1,4,45,226,603.5452749997603
first1,4,45,227,610.3545040000427
first1,4,45,228,585.4061099998944
first1,4,45,229,588.1681589999062
first1,4,45,230,634.5823869996821
first1,4,45,231,591.5236480000203
first1,4,45,232,591.3802939999186
first1,4,45,233,597.2229300000436
first1,4,45,234,589.2908920000082
first1,4,45,235,594.5872910001526
first1,4,45,236,579.414928999995
first1,4,45,237,598.6075589999018
first1,4,45,238,630.811906999952
first1,4,45,239,607.2823099998459
first1,4,45,240,600.4919629999677
first1,4,45,241,605.3459820000171
first1,4,45,242,592.4683409998579
first1,4,45,243,607.9276539999228
first1,4,45,244,587.0962479998525
first1,4,45,245,627.6853739996113
first1,4,45,246,589.1972529998384
first1,4,45,247,620.562616999905
first1,4,45,248,579.6969850002824
first1,4,45,249,590.4989679997925
first1,4,45,250,586.4186150001842
first1,4,45,251,644.1442880000068
first1,4,45,252,608.5950130000128
first1,4,45,253,615.0476039997557
first1,4,45,254,634.6326359998784
first1,4,45,255,602.1700410001358
first1,4,45,256,583.0281339999601
first1,4,45,257,601.9234649997998
first1,4,45,258,603.5451729999295
first1,4,45,259,621.093885999926
first1,4,45,260,582.6123530000586
first1,4,45,261,602.0401679998031
first1,4,45,262,593.437972999709
first1,4,45,263,586.3505960001021
first1,4,45,264,625.2850430000763
first1,4,45,265,633.7518119999004
first1,4,45,266,597.8978439998173
first1,4,45,267,585.6562479998502
first1,4,45,268,601.040875000308
first1,4,45,269,630.5041880000317
first1,4,45,270,602.7518870000677
first1,4,45,271,578.2393030003732
first1,4,45,272,595.8401349998894
first1,4,45,273,600.1937199998792
first1,4,45,274,599.6781270000611
first1,4,45,275,609.4395639997856
first1,4,45,276,618.9510529998188
first1,4,45,277,594.7049330002301
first1,4,45,278,672.8876050001418
first1,4,45,279,583.4221770001022
first1,4,45,280,600.4087730002539
first1,4,45,281,605.4101939998873
first1,4,45,282,613.6900880001122
first1,4,45,283,580.3885469999841
first1,4,45,284,576.4154919997964
first1,4,45,285,584.2873360002159
first1,4,45,286,606.7738460001237
first1,4,45,287,603.544638999665
first1,4,45,288,625.0068469998951
first1,4,45,289,618.5114909999356
first1,4,45,290,586.4258249998784
first1,4,45,291,627.3333149997598
first1,4,45,292,607.7786010000636
first1,4,45,293,608.3656870000596
first1,4,45,294,609.0564430000995
first1,4,45,295,614.5972550002625
first1,4,45,296,596.6448619997209
first1,4,45,297,596.8442680000408
first1,4,45,298,584.6267479996641
first1,4,45,299,618.0771730000743
first1,4,45,300,595.8274469999196
first1,4,45,301,597.3939569998947
first1,4,45,302,595.4456229997049
first1,4,45,303,719.1165199997158
first1,4,45,304,724.7539509999115
first1,4,45,305,620.3664519998711
first1,4,45,306,640.7363850003094
first1,4,45,307,604.5220969999718
first1,4,45,308,589.601367999876
first1,4,45,309,613.8484979996974
first1,4,45,310,746.8829029999142
first1,4,45,311,672.4579729998368
first1,4,45,312,636.6991869999765
first1,4,45,313,654.6357490001355
first1,4,45,314,667.6148019996617
first1,4,45,315,635.1719700001013
first1,4,45,316,649.4341529996746
first1,4,45,317,683.5074989999157
first1,4,45,318,598.26285500003
first1,4,45,319,641.68761000019
first1,4,45,320,597.667361999811
first1,4,45,321,580.0070820000656
first1,4,45,322,605.1605500001642
first1,4,45,323,601.5090949999831
first1,4,45,324,599.2905269999937
first1,4,45,325,624.726135000401
first1,4,45,326,585.4796460002945
first1,4,45,327,589.1833810001117
first1,4,45,328,597.4989470000764
first1,4,45,329,599.7451910002383
first1,4,45,330,628.5862729996552
first1,4,45,331,629.2441989999134
first1,4,45,332,588.9362110001457
first1,4,45,333,622.6078029999371
first1,4,45,334,598.305517999961
first1,4,45,335,602.3083909999514
first1,4,45,336,604.277183999784
first1,4,45,337,567.9486539997924
first1,4,45,338,595.2288129997214
first1,4,45,339,593.1752609999421
first1,4,45,340,602.0926520000103
first1,4,45,341,585.9296200001154
first1,4,45,342,595.4096130003563
first1,4,45,343,598.6830130000271
first1,4,45,344,649.046921000263
first1,4,45,345,638.986611999826
first1,4,45,346,592.9700319998119
first1,4,45,347,615.2885790002074
first1,4,45,348,571.7550859999392
first1,4,45,349,594.7883710000497
first1,4,45,350,593.5856539999804
first1,4,45,351,589.7245800001656
first1,4,45,352,599.7050390001277
first1,4,45,353,610.1934530001927
first1,4,45,354,597.2188149999056
first1,4,45,355,592.8078360002473
first1,4,45,356,596.1330579998503
first1,4,45,357,666.080096999849
first1,4,45,358,600.3777070000069
first1,4,45,359,646.6621300000952
first1,4,45,360,582.6558019998629
first1,4,45,361,592.5829429997975
first1,4,45,362,607.8096890000779
first1,4,45,363,599.7539459999643
first1,4,45,364,591.3275889997749
first1,4,45,365,578.5190999999941
first1,4,45,366,598.4594149999793
first1,4,45,367,601.3803329997245
first1,4,45,368,586.3092069998856
first1,4,45,369,590.793536000092
first1,4,45,370,600.5691499999557
first1,4,45,371,626.0906259999501
first1,4,45,372,604.1050959997847
first1,4,45,373,592.6911850001488
first1,4,45,374,623.3962300002531
first1,4,45,375,601.9917940002415
first1,4,45,376,599.099907999971
first1,4,45,377,587.6397959996211
first1,4,45,378,584.5808680001028
first1,4,45,379,601.6211320002185
first1,4,45,380,611.1679229998117
first1,4,45,381,622.6796040000409
first1,4,45,382,581.3060369996492
first1,4,45,383,678.8721309999346
first1,4,45,384,651.9062580000536
first1,4,45,385,609.1673030000493
first1,4,45,386,593.76854500033
first1,4,45,387,616.1278239997046
first1,4,45,388,595.5723199999738
first1,4,45,389,579.207021000002
first1,4,45,390,603.8323719999426
first1,4,45,391,593.3665880002081
first1,4,45,392,596.1763999998766
first1,4,45,393,601.0741629997938
first1,4,45,394,613.8450560001729
first1,4,45,395,584.0514640003676
first1,4,45,396,600.7722670001385
first1,4,45,397,617.3478839996278
first1,4,45,398,626.6848230002324
first1,4,45,399,613.1134679999377
first1,4,45,400,619.5447350000904
first1,5,46,1,792.5709020000795
first1,5,46,2,595.7063949999792
first1,5,46,3,596.9597339999382
first1,5,46,4,616.1577999996553
first1,5,46,5,692.1743269999752
first1,5,46,6,644.7003929997663
first1,5,46,7,678.1666870001573
first1,5,46,8,603.2523489998312
first1,5,46,9,685.7939920000717
first1,5,46,10,593.5841109999274
first1,5,46,11,604.0205010003774
first1,5,46,12,608.778963000077
first1,5,46,13,611.5971750000426
first1,5,46,14,585.5181249999077
first1,5,46,15,609.0530810001837
first1,5,46,16,607.3020449998694
first1,5,46,17,586.7873970000801
first1,5,46,18,598.8371749999715
first1,5,46,19,614.7680779999973
first1,5,46,20,582.6817100000881
first1,5,46,21,777.5596400001632
first1,5,46,22,844.7191479999674
first1,5,46,23,644.1130590001194
first1,5,46,24,646.3587849998476
first1,5,46,25,668.0933339998774
first1,5,46,26,615.0252200000068
first1,5,46,27,642.9288029999043
first1,5,46,28,655.5002140003126
first1,5,46,29,623.0776869997499
first1,5,46,30,636.3298309997845
first1,5,46,31,654.9471980001726
first1,5,46,32,651.0528919998251
first1,5,46,33,623.4368579998772
first1,5,46,34,656.6346889999295
first1,5,46,35,610.4573819998222
first1,5,46,36,659.4262850003361
first1,5,46,37,649.4509539998035
first1,5,46,38,632.5333740001042
first1,5,46,39,642.088880999836
first1,5,46,40,673.7997170002927
first1,5,46,41,640.0495480002064
first1,5,46,42,664.3735749998996
first1,5,46,43,644.7320259999287
first1,5,46,44,619.3830309998702
first1,5,46,45,623.1723639998563
first1,5,46,46,611.2461249999797
first1,5,46,47,692.2431819998565
first1,5,46,48,614.7366909999619
first1,5,46,49,627.3382150002362
first1,5,46,50,653.7540549998084
first1,5,46,51,634.1257869999026
first1,5,46,52,640.732613000182
first1,5,46,53,633.5861659999864
first1,5,46,54,633.8737779997246
first1,5,46,55,645.3146429998924
first1,5,46,56,626.4286159998846
first1,5,46,57,616.5249099999528
first1,5,46,58,593.8446890004343
first1,5,46,59,598.2965279999917
first1,5,46,60,639.0177580001364
first1,5,46,61,593.9364399996521
first1,5,46,62,612.2365119999813
first1,5,46,63,595.8763909998197
first1,5,46,64,590.8658280000054
first1,5,46,65,593.6701159998847
first1,5,46,66,607.9709330001606
first1,5,46,67,611.1948470002062
first1,5,46,68,613.0326300003617
first1,5,46,69,644.647877999887
first1,5,46,70,591.6246980000324
first1,5,46,71,620.5445949999557
first1,5,46,72,605.33476899991
first1,5,46,73,654.1544490000888
first1,5,46,74,618.8483639998594
first1,5,46,75,618.6892120003904
first1,5,46,76,590.7804569997097
first1,5,46,77,618.8422309996895
first1,5,46,78,592.6536090000809
first1,5,46,79,586.3246449998769
first1,5,46,80,596.5997819998847
first1,5,46,81,584.409025000241
first1,5,46,82,604.0411579997453
first1,5,46,83,641.8686889996934
first1,5,46,84,586.0340469998846
first1,5,46,85,591.4381579996189
first1,5,46,86,599.4510740001715
first1,5,46,87,616.6601390000324
first1,5,46,88,599.3594830001712
first1,5,46,89,610.1811649996307
first1,5,46,90,601.071874000354
first1,5,46,91,599.5114660004219
first1,5,46,92,616.737393999756
first1,5,46,93,590.5832970001939
first1,5,46,94,575.5193679997319
first1,5,46,95,601.4548719999766
first1,5,46,96,627.8160319998278
first1,5,46,97,618.3398419998412
first1,5,46,98,604.7510349999357
first1,5,46,99,591.5970460000608
first1,5,46,100,656.7247150001094
first1,5,46,101,603.9077850000467
first1,5,46,102,612.4025849999271
first1,5,46,103,627.441355999963
first1,5,46,104,604.724669999996
first1,5,46,105,598.9919280000322
first1,5,46,106,597.2505229997296
first1,5,46,107,590.4017959996963
first1,5,46,108,590.7290829995873
first1,5,46,109,612.5199180000891
first1,5,46,110,593.0035050000697
first1,5,46,111,584.2789759999505
first1,5,46,112,580.5287389998739
first1,5,46,113,640.8919450000212
first1,5,46,114,619.2704689997299
first1,5,46,115,596.1697660000027
first1,5,46,116,612.0208610000191
first1,5,46,117,621.5324839999994
first1,5,46,118,602.9366239999945
first1,5,46,119,609.7900009999648
first1,5,46,120,614.2237959998056
first1,5,46,121,617.8667959998165
first1,5,46,122,645.1832530001411
first1,5,46,123,858.2360289997268
first1,5,46,124,794.8385879999478
first1,5,46,125,841.5528260002247
first1,5,46,126,671.5366529997482
first1,5,46,127,593.5018179998224
first1,5,46,128,585.3358570002456
first1,5,46,129,597.411910000119
first1,5,46,130,622.0356300000276
first1,5,46,131,594.2423980000058
first1,5,46,132,599.2009599999619
first1,5,46,133,599.9276769998687
first1,5,46,134,606.2997909998558
first1,5,46,135,614.1575509996073
first1,5,46,136,649.5186520000971
first1,5,46,137,749.0322380003818
first1,5,46,138,657.8680060001716
first1,5,46,139,636.1993020000227
first1,5,46,140,579.6359249998204
first1,5,46,141,597.0606079999925
first1,5,46,142,652.2640230000434
first1,5,46,143,611.0711290002655
first1,5,46,144,615.8048289998987
first1,5,46,145,576.2886590000562
first1,5,46,146,600.0738259999707
first1,5,46,147,625.375812999664
first1,5,46,148,639.9709570000596
first1,5,46,149,601.6710570002033
first1,5,46,150,590.3695530000732
first1,5,46,151,593.3705049997116
first1,5,46,152,673.7169279999762
first1,5,46,153,618.2753969997066
first1,5,46,154,589.0900879999208
first1,5,46,155,607.8036210001301
first1,5,46,156,575.4291940002076
first1,5,46,157,588.5726750002505
first1,5,46,158,630.6671610000194
first1,5,46,159,588.7663150001572
first1,5,46,160,609.3918669998857
first1,5,46,161,602.7492339999299
first1,5,46,162,596.033325999997
first1,5,46,163,600.3585349999412
first1,5,46,164,612.789222000174
first1,5,46,165,632.1218969997062
first1,5,46,166,622.1379350004099
first1,5,46,167,601.3054149998425
first1,5,46,168,603.1574489998093
first1,5,46,169,604.9163220000082
first1,5,46,170,617.1513749995938
first1,5,46,171,598.5881619999418
first1,5,46,172,593.585202000213
first1,5,46,173,600.7547599997451
first1,5,46,174,586.7487179998534
first1,5,46,175,647.718858999724
first1,5,46,176,587.1786550001161
first1,5,46,177,590.0656869998784
first1,5,46,178,601.8326339999476
first1,5,46,179,602.5101879999966
first1,5,46,180,610.7905730000311
first1,5,46,181,579.9383919998036
first1,5,46,182,617.7068249999138
first1,5,46,183,592.3133470000721
first1,5,46,184,612.170591999984
first1,5,46,185,585.4062439998415
first1,5,46,186,610.3111309998894
first1,5,46,187,600.4861060000621
first1,5,46,188,614.6619939995617
first1,5,46,189,609.9447139999938
first1,5,46,190,590.3090640003938
first1,5,46,191,595.2753550000125
first1,5,46,192,656.9391949997225
first1,5,46,193,598.0562280001323
first1,5,46,194,609.5178949999536
first1,5,46,195,621.9734720002634
first1,5,46,196,592.1909879998566
first1,5,46,197,582.625096999891
first1,5,46,198,584.1112460002478
first1,5,46,199,589.9701280000045
first1,5,46,200,606.4467310002328
first1,5,46,201,591.9618230000196
first1,5,46,202,591.2878509998336
first1,5,46,203,602.7665340002386
first1,5,46,204,595.7883280002534
first1,5,46,205,628.5201729997425
first1,5,46,206,602.9063289997794
first1,5,46,207,598.0189629999586
first1,5,46,208,605.6435569998939
first1,5,46,209,603.5733190001338
first1,5,46,210,636.4645290000226
first1,5,46,211,747.9160230000161
first1,5,46,212,645.5700980000074
first1,5,46,213,1054.455618999782
first1,5,46,214,758.2180399999743
first1,5,46,215,825.8372590003091
first1,5,46,216,628.143418000036
first1,5,46,217,704.490801999782
first1,5,46,218,640.1477549998162
first1,5,46,219,645.7779739998841
first1,5,46,220,607.033390000197
first1,5,46,221,610.3575789998104
first1,5,46,222,591.9845810003608
first1,5,46,223,594.6619769997596
first1,5,46,224,615.1587829999698
first1,5,46,225,606.1870700000327
first1,5,46,226,646.4113509996423
first1,5,46,227,589.434830999835
first1,5,46,228,595.7701559996167
first1,5,46,229,600.8348840000508
first1,5,46,230,651.7784299999221
first1,5,46,231,628.4372730001451
first1,5,46,232,599.0547680003147
first1,5,46,233,604.8341719997552
first1,5,46,234,580.6738579999546
first1,5,46,235,601.251811000111
first1,5,46,236,585.9161150001455
first1,5,46,237,591.5206630002103
first1,5,46,238,609.3171070001517
first1,5,46,239,599.717292999685
first1,5,46,240,591.1012789997585
first1,5,46,241,594.8082069999145
first1,5,46,242,592.5784089999979
first1,5,46,243,651.0557569999946
first1,5,46,244,602.1506309998585
first1,5,46,245,606.7774749999444
first1,5,46,246,611.3803180001014
first1,5,46,247,621.9418139999107
first1,5,46,248,587.7003299997341
first1,5,46,249,603.5385850000239
first1,5,46,250,663.2761180003399
first1,5,46,251,632.9005969996615
first1,5,46,252,622.2119660001226
first1,5,46,253,594.506623000143
first1,5,46,254,598.8991070003067
first1,5,46,255,597.8976409996903
first1,5,46,256,606.6550680002365
first1,5,46,257,611.4956239998719
first1,5,46,258,610.6185700000424
first1,5,46,259,613.6115069998596
first1,5,46,260,703.6969030000364
first1,5,46,261,596.0511620000943
first1,5,46,262,584.1500419996919
first1,5,46,263,605.5740330002664
first1,5,46,264,607.8351050000492
first1,5,46,265,608.8747959997818
first1,5,46,266,601.2942280003699
first1,5,46,267,592.7485359998172
first1,5,46,268,603.6636949997956
first1,5,46,269,613.6021229999642
first1,5,46,270,847.7872600001319
first1,5,46,271,637.0188390001204
first1,5,46,272,586.7440970000644
first1,5,46,273,637.9899069997919
first1,5,46,274,583.7299740001072
first1,5,46,275,590.1346709997597
first1,5,46,276,578.566592000243
first1,5,46,277,587.3221530000592
first1,5,46,278,588.6965629997576
first1,5,46,279,619.1237520001778
first1,5,46,280,607.6495080001223
first1,5,46,281,604.3710900003134
first1,5,46,282,646.2336059998961
first1,5,46,283,607.4456649998865
first1,5,46,284,627.208408000115
first1,5,46,285,610.3436549997241
first1,5,46,286,600.9124619999966
first1,5,46,287,597.3168299997269
first1,5,46,288,616.9542359998559
first1,5,46,289,603.1572319998304
first1,5,46,290,587.9780010000104
first1,5,46,291,603.4835740001654
first1,5,46,292,603.0766660001063
first1,5,46,293,608.1022149996897
first1,5,46,294,565.0863279997793
first1,5,46,295,603.960707999704
first1,5,46,296,653.3882479998283
first1,5,46,297,600.9279449999667
first1,5,46,298,614.3528789998527
first1,5,46,299,624.9940620000416
first1,5,46,300,587.0981029997893
first1,5,46,301,583.8007060001473
first1,5,46,302,618.9451380000719
first1,5,46,303,587.6476729999922
first1,5,46,304,631.2066129999039
first1,5,46,305,609.7545120001087
first1,5,46,306,588.1207020001966
first1,5,46,307,611.3890869996794
first1,5,46,308,626.2683889999607
first1,5,46,309,613.1095920000007
first1,5,46,310,601.6807579999295
first1,5,46,311,580.7284709999294
first1,5,46,312,586.6988630000378
first1,5,46,313,627.433672999814
first1,5,46,314,586.6826910000782
first1,5,46,315,595.4988680000497
first1,5,46,316,612.3948049998944
first1,5,46,317,590.2152089997799
first1,5,46,318,615.3978590000406
first1,5,46,319,592.5591570003235
first1,5,46,320,588.8693930000954
first1,5,46,321,585.9067470000809
first1,5,46,322,601.4555090000613
first1,5,46,323,647.742381000171
first1,5,46,324,591.8667519999872
first1,5,46,325,606.8967379997048
first1,5,46,326,592.0490389999031
first1,5,46,327,591.77257500005
first1,5,46,328,597.930844000075
first1,5,46,329,588.8933030000771
first1,5,46,330,623.8922790003016
first1,5,46,331,587.0769760003895
first1,5,46,332,600.5765869999777
first1,5,46,333,587.7048100001048
first1,5,46,334,588.5727189997851
first1,5,46,335,582.92351099999
first1,5,46,336,631.5022750000026
first1,5,46,337,613.262439999744
first1,5,46,338,600.0691630001711
first1,5,46,339,595.7553639996149
first1,5,46,340,587.2943680001299
first1,5,46,341,599.173590999726
first1,5,46,342,601.9867540003361
first1,5,46,343,614.3947950004076
first1,5,46,344,598.3368839997638
first1,5,46,345,590.8301189997474
first1,5,46,346,600.7559340000626
first1,5,46,347,612.4199989999397
first1,5,46,348,612.264358000175
first1,5,46,349,582.6926179997827
first1,5,46,350,645.7568020000508
first1,5,46,351,599.7043390002545
first1,5,46,352,616.8890690000808
first1,5,46,353,604.4035569998414
first1,5,46,354,617.6041720000285
first1,5,46,355,596.6902989998744
first1,5,46,356,593.96992100028
first1,5,46,357,593.1324449998101
first1,5,46,358,610.0504020000699
first1,5,46,359,606.4630930000021
first1,5,46,360,603.6828009996498
first1,5,46,361,615.5616639998698
first1,5,46,362,594.1771709999557
first1,5,46,363,643.9847579999878
first1,5,46,364,586.1066229999778
first1,5,46,365,605.1925010001469
first1,5,46,366,600.4974470001798
first1,5,46,367,624.5141990002594
first1,5,46,368,582.8858770000807
first1,5,46,369,598.2997579999392
first1,5,46,370,589.851526000075
first1,5,46,371,593.4689180003261
first1,5,46,372,592.2213930002727
first1,5,46,373,604.9204070000087
first1,5,46,374,589.834659999724
first1,5,46,375,593.8215899996067
first1,5,46,376,598.7311509998108
first1,5,46,377,612.816309000209
first1,5,46,378,613.0405339999925
first1,5,46,379,600.3194760000952
first1,5,46,380,621.127561999856
first1,5,46,381,593.3488410000791
first1,5,46,382,599.824081999941
first1,5,46,383,581.783175000055
first1,5,46,384,578.5880540001926
first1,5,46,385,589.4403610000154
first1,5,46,386,596.7870599997696
first1,5,46,387,602.6908990002084
first1,5,46,388,588.910962999762
first1,5,46,389,609.5631350003714
first1,5,46,390,672.3314259998006
first1,5,46,391,603.9003720002256
first1,5,46,392,596.7119280003317
first1,5,46,393,601.7319949996818
first1,5,46,394,578.2642230001329
first1,5,46,395,591.1857520000012
first1,5,46,396,627.9088850001244
first1,5,46,397,583.5675199996331
first1,5,46,398,612.5109570002678
first1,5,46,399,598.6547020002035
first1,5,46,400,591.7604729997947
