episode,seed,inference,latency_ms
1,42,1,28662.25773899987
1,42,2,695.9335939995981
1,42,3,969.5941260001746
1,42,4,801.495285999863
1,42,5,682.5309030000426
1,42,6,595.0590940001348
1,42,7,699.8683120000351
1,42,8,680.7293860001664
1,42,9,672.3965529999987
1,42,10,603.296465999847
1,42,11,593.6560999998619
1,42,12,616.7430640002749
1,42,13,625.8137519998854
1,42,14,682.6384030000554
1,42,15,612.4749089999568
1,42,16,594.1951660001905
1,42,17,589.2233889999261
1,42,18,603.3564800000022
1,42,19,574.1829079997842
1,42,20,572.3684740000863
1,42,21,577.7083539996966
1,42,22,594.1734960001668
1,42,23,586.5631599999688
1,42,24,589.1521880002983
1,42,25,592.4670979998155
1,42,26,574.8804800000471
1,42,27,597.9016070000398
1,42,28,618.5027520000403
1,42,29,611.8827559998863
1,42,30,612.7881080001316
1,42,31,619.7877639997387
1,42,32,645.7735409999259
1,42,33,576.2350559998595
1,42,34,595.5850450000071
1,42,35,622.6640280001448
1,42,36,580.8912319998853
1,42,37,578.4164949996011
1,42,38,566.4725990000079
1,42,39,575.9149529999377
1,42,40,586.1921610003265
1,42,41,572.6368890000231
1,42,42,582.6270000002296
1,42,43,634.7199249998994
1,42,44,571.7980610002087
1,42,45,645.435260999875
1,42,46,585.4588140000487
1,42,47,583.5851510000793
1,42,48,580.7294979999824
1,42,49,576.544093999928
1,42,50,644.7531430003437
1,42,51,593.6678230000325
1,42,52,593.9628729997821
1,42,53,590.3002390000438
1,42,54,614.158731000316
1,42,55,585.4133780003394
1,42,56,583.5127560003457
1,42,57,572.1931029997904
1,42,58,582.0268419997774
1,42,59,562.8732000000127
1,42,60,576.1441310000919
1,42,61,620.9459090000564
1,42,62,585.2878220002822
1,42,63,586.3837359997888
1,42,64,567.1137509998516
1,42,65,581.525043000056
1,42,66,571.0636280000472
1,42,67,577.0346419999441
1,42,68,586.2847100002
1,42,69,573.6287059999086
1,42,70,580.2967280001212
1,42,71,567.8358360000857
1,42,72,618.3129430000918
1,42,73,578.7668119996852
1,42,74,584.0820099997472
1,42,75,562.3893249999128
1,42,76,573.0327119999856
1,42,77,585.3052899997238
1,42,78,633.3123350000278
1,42,79,573.5601370001859
1,42,80,573.6935810000432
1,42,81,575.1324329999079
1,42,82,570.457900999827
1,42,83,579.4418020000194
1,42,84,582.9981550000412
1,42,85,579.505220000101
1,42,86,574.3657130001338
1,42,87,563.6571009999898
1,42,88,580.2385779998076
1,42,89,582.1295689997896
1,42,90,582.4101049997807
1,42,91,568.4982309999214
1,42,92,575.5740609997702
1,42,93,597.470623999925
1,42,94,603.3779019999201
1,42,95,632.4227249997421
1,42,96,568.6976829997548
1,42,97,582.6897090000784
1,42,98,586.5563069996824
1,42,99,575.2597609998702
1,42,100,576.512128000104
1,42,101,559.5402980002291
1,42,102,570.0262830000611
1,42,103,568.8528799996675
1,42,104,594.9115959997471
1,42,105,580.4830900001434
1,42,106,590.6237829999554
1,42,107,564.5373900001687
1,42,108,572.3433630000727
1,42,109,553.9887859999908
1,42,110,606.3805750000029
1,42,111,632.0163450000109
1,42,112,583.427252999627
1,42,113,587.3118230001637
1,42,114,570.3787879997435
1,42,115,592.9020960002163
1,42,116,579.8330850002458
1,42,117,602.411444000154
1,42,118,569.3219869999666
1,42,119,561.171849999937
1,42,120,569.1180529997837
1,42,121,587.5169309997545
1,42,122,587.0740310001565
1,42,123,573.8782790003825
1,42,124,573.2750080001097
1,42,125,595.4048359999433
1,42,126,571.4323490001334
1,42,127,584.5236489999479
1,42,128,608.976043000439
1,42,129,556.874864999827
1,42,130,576.5247520002958
1,42,131,564.2904979999912
1,42,132,573.1120429995826
1,42,133,586.261967000155
1,42,134,650.9208070001478
1,42,135,594.9679370000922
1,42,136,581.7502589998185
1,42,137,565.59544799984
1,42,138,568.8688390000607
1,42,139,587.454740999874
1,42,140,581.1918139997942
1,42,141,573.0977339999299
1,42,142,602.3463340002309
1,42,143,600.5186719999074
1,42,144,633.6322279998967
1,42,145,567.0313180003177
1,42,146,580.6523330002165
1,42,147,598.9682980002726
1,42,148,574.402973999895
1,42,149,575.3166829999827
1,42,150,578.6000680000143
1,42,151,568.4575880000011
1,42,152,563.6168589999215
1,42,153,585.4676450003353
1,42,154,596.0565700002007
1,42,155,589.7382889997971
1,42,156,616.8340530002752
1,42,157,807.6700689998688
1,42,158,763.0906869999308
1,42,159,741.840578999927
1,42,160,691.9547749998856
1,42,161,595.2146929998889
1,42,162,593.7324100000296
1,42,163,583.4793690000879
1,42,164,572.7263210001183
1,42,165,583.4299570001349
1,42,166,595.4265599998507
1,42,167,583.9281929997924
1,42,168,579.9491620000481
1,42,169,568.0604150002182
1,42,170,596.4041319998614
1,42,171,570.9718790003535
1,42,172,581.8843710003421
1,42,173,586.8318660000114
1,42,174,567.4630710000201
1,42,175,574.1717310002059
1,42,176,622.9326510001556
1,42,177,593.652461000147
1,42,178,617.7501319998555
1,42,179,574.6062880002683
1,42,180,595.0703349999458
1,42,181,571.8202220000421
1,42,182,581.6448919999857
1,42,183,584.1285180003979
1,42,184,580.7477700000163
1,42,185,572.4541560002763
1,42,186,559.4274919999407
1,42,187,588.8750510002865
1,42,188,582.9630819998783
1,42,189,572.0099850000224
1,42,190,574.5579379999981
1,42,191,598.7264850000429
1,42,192,620.790221000334
1,42,193,681.7060600001241
1,42,194,607.5306180000553
1,42,195,610.5531829998654
1,42,196,580.5741669996678
1,42,197,570.4809039998509
1,42,198,569.6446619999733
1,42,199,560.1095360002546
1,42,200,576.6081760002635
1,42,201,603.8318700002492
1,42,202,573.6407869999312
1,42,203,573.6715370003367
1,42,204,560.9794169999986
1,42,205,576.7868900002213
1,42,206,570.6226449997303
1,42,207,566.1939960000382
1,42,208,599.0688289998616
1,42,209,629.2342770002506
1,42,210,582.4958830003197
1,42,211,642.547168999954
1,42,212,592.6364809997722
1,42,213,618.9803309998752
1,42,214,573.4932710001885
1,42,215,594.9548720000166
1,42,216,585.3975590002847
1,42,217,559.072161000131
1,42,218,566.509589999896
1,42,219,581.5586920002715
1,42,220,565.5646489999526
1,42,221,575.0472390000141
1,42,222,583.9692280001145
1,42,223,575.2171629997065
1,42,224,563.4513700001662
1,42,225,568.3193290001327
1,42,226,654.5997180000995
1,42,227,571.262686999944
1,42,228,582.6310739998917
1,42,229,588.059653000073
1,42,230,573.890897000183
1,42,231,573.3374609999373
1,42,232,575.6959699997424
1,42,233,594.1268830001718
1,42,234,562.8991469998255
1,42,235,566.8897079999624
1,42,236,586.1687359997632
1,42,237,571.6072810000696
1,42,238,580.1711849999265
1,42,239,569.3232460002946
1,42,240,591.171573000338
1,42,241,585.403124000095
1,42,242,581.7266959998051
1,42,243,612.9764069996781
1,42,244,577.0834250001826
1,42,245,580.414627999744
1,42,246,575.4384390002087
1,42,247,576.5931579999233
1,42,248,603.2796439999402
1,42,249,572.3662140003398
1,42,250,579.1963300002863
1,42,251,581.493822000084
1,42,252,568.6022160002722
1,42,253,574.843750999662
1,42,254,573.3698469998671
1,42,255,576.424173000305
1,42,256,577.2477070004243
1,42,257,581.6352049996567
1,42,258,579.364837999492
1,42,259,614.1680279997672
1,42,260,573.5933129999466
1,42,261,605.0452230001611
1,42,262,582.6917560007132
1,42,263,577.2998209995421
1,42,264,577.1925449998889
1,42,265,575.798443000167
1,42,266,580.0989219997064
1,42,267,564.9453579999317
1,42,268,589.2926850001459
1,42,269,555.7697909998751
1,42,270,607.8749700000117
1,42,271,584.4865909994041
1,42,272,583.8459259994124
1,42,273,583.5769309996977
1,42,274,599.3689139995695
1,42,275,605.6413579999571
1,42,276,637.330118999671
1,42,277,583.6210400002528
1,42,278,623.9550430000236
1,42,279,588.2727160005743
1,42,280,584.8117309997178
1,42,281,582.5090899998031
1,42,282,588.470536999921
1,42,283,591.356311000709
1,42,284,579.4248239999433
1,42,285,600.5177139995794
1,42,286,577.3611589993379
1,42,287,579.3283620005241
1,42,288,578.0627939993792
1,42,289,579.5994509999218
1,42,290,566.040927999893
1,42,291,591.721263999716
1,42,292,637.7816629992594
1,42,293,593.0111010002292
1,42,294,592.1460379995551
1,42,295,575.669210000342
1,42,296,577.7838479998536
1,42,297,567.996710999978
1,42,298,574.6791589999702
1,42,299,582.9444350001722
1,42,300,572.902914000224
1,42,301,586.9983060001687
1,42,302,573.7685469994176
1,42,303,597.2854680003366
1,42,304,577.9428880005071
1,42,305,568.263807999756
1,42,306,585.2840899997318
1,42,307,570.5725320003694
1,42,308,575.383114000033
1,42,309,617.8241540001181
1,42,310,598.4936699996979
1,42,311,593.0754880000677
1,42,312,585.158166999463
1,42,313,618.1129209999199
1,42,314,586.529100000007
1,42,315,579.7391759997481
1,42,316,581.3644119998571
1,42,317,584.7350209996875
1,42,318,573.4204829996088
1,42,319,627.796386999762
1,42,320,594.5504960000108
1,42,321,586.3942350006255
1,42,322,601.6859600003954
1,42,323,577.5938320002751
1,42,324,583.1906250004977
1,42,325,585.2711280003859
1,42,326,601.0765669998364
1,42,327,601.1670019997837
1,42,328,584.6060040003067
1,42,329,567.3430090000693
1,42,330,568.3248449995517
1,42,331,599.7066340005404
1,42,332,578.4189289997812
1,42,333,566.7376019991934
1,42,334,591.1940659998436
1,42,335,585.0841769997714
1,42,336,572.9194169998664
1,42,337,590.2310510000461
1,42,338,595.8355070006291
1,42,339,583.2126870000138
1,42,340,558.3717569998043
1,42,341,580.607962000613
1,42,342,615.9121659993616
1,42,343,574.5600070004002
1,42,344,586.3005600003817
1,42,345,586.0602920001838
1,42,346,578.0210130005798
1,42,347,576.2836379999499
1,42,348,571.214090000467
1,42,349,571.3179670001409
1,42,350,774.8258769997847
1,42,351,757.0962079998935
1,42,352,772.2753170000942
1,42,353,657.6945289998548
1,42,354,629.5059619997119
1,42,355,615.1543420000962
1,42,356,643.9045300003272
1,42,357,601.6998109998895
1,42,358,612.5317910000376
1,42,359,602.7517600005012
1,42,360,582.1001249996698
1,42,361,584.6275329995478
1,42,362,577.4933759994383
1,42,363,591.3839029999508
1,42,364,584.2055650000475
1,42,365,579.7669089997726
1,42,366,581.081639000331
1,42,367,572.7844979992369
1,42,368,616.6808070001935
1,42,369,586.0580140006277
1,42,370,574.1382950000116
1,42,371,616.7077669997525
1,42,372,580.7682770000611
1,42,373,600.7858639995902
1,42,374,618.6905670001579
1,42,375,589.2035809993104
1,42,376,580.6911609997769
1,42,377,587.1326759997828
1,42,378,568.2466120006211
1,42,379,577.5314649999927
1,42,380,559.813517999828
1,42,381,596.2660369996229
1,42,382,579.0236540005935
1,42,383,594.7580069996548
1,42,384,566.8877609996343
1,42,385,582.8227640004116
1,42,386,598.172290000548
1,42,387,588.6329350005326
1,42,388,577.9608399998324
1,42,389,594.9698120002722
1,42,390,558.7712050000846
1,42,391,623.2406700000865
1,42,392,573.2667370002673
1,42,393,605.5211149996467
1,42,394,567.4131349996969
1,42,395,561.3921389995085
1,42,396,579.7783640000489
1,42,397,570.9915170000386
1,42,398,566.9039170006727
1,42,399,575.5457889999889
1,42,400,575.5627509997794
2,43,1,538.5744060004072
2,43,2,524.0154700004496
2,43,3,576.3964399993711
2,43,4,659.2506500001036
2,43,5,584.7790749994601
2,43,6,662.5121520000903
2,43,7,599.9168929993175
2,43,8,594.4125859996348
2,43,9,651.3990500006912
2,43,10,586.3511949992244
2,43,11,588.2276359998286
2,43,12,606.2051259996224
2,43,13,585.4012019999573
2,43,14,571.4829369999279
2,43,15,566.1869980003758
2,43,16,568.4701719992518
2,43,17,576.3625390000016
2,43,18,614.0803309999683
2,43,19,564.7708489996148
2,43,20,564.6631689996866
2,43,21,618.2934660000683
2,43,22,688.4185340004478
2,43,23,574.2311779995362
2,43,24,607.4845410003036
2,43,25,581.31142000002
2,43,26,588.3327110004757
2,43,27,578.388435999841
2,43,28,566.2954570007059
2,43,29,601.0487600005945
2,43,30,563.8900110006944
2,43,31,561.8901279995043
2,43,32,614.2306379997535
2,43,33,668.0005100006383
2,43,34,573.5934459999044
2,43,35,609.3000549999488
2,43,36,594.8365859994738
2,43,37,590.6401800002641
2,43,38,572.0462429999316
2,43,39,555.6000659998972
2,43,40,574.7914060002586
2,43,41,580.5547489999299
2,43,42,571.4240039997094
2,43,43,587.5265929998932
2,43,44,580.006739000055
2,43,45,578.6338519992569
2,43,46,595.7761809995645
2,43,47,582.2112790001484
2,43,48,565.8669760005068
2,43,49,642.6058619999822
2,43,50,570.2497380007117
2,43,51,564.2496949994893
2,43,52,574.21482799964
2,43,53,574.8138929993729
2,43,54,581.2352650000321
2,43,55,582.4721910003063
2,43,56,552.317041000606
2,43,57,607.3406719997365
2,43,58,564.5334070004537
2,43,59,586.7697479998242
2,43,60,570.409459000075
2,43,61,577.5520130000587
2,43,62,587.5609149998127
2,43,63,573.7249130006603
2,43,64,602.3206749996461
2,43,65,596.6954990008162
2,43,66,568.5506999998324
2,43,67,580.5660070000158
2,43,68,567.1806350001134
2,43,69,598.775690000366
2,43,70,557.024697000088
2,43,71,595.5317010002545
2,43,72,567.9677999996784
2,43,73,569.2611820004458
2,43,74,566.1985649994676
2,43,75,575.774107000143
2,43,76,625.4916469997625
2,43,77,580.0110479995055
2,43,78,589.3582440003229
2,43,79,571.1584280006718
2,43,80,568.3449400003155
2,43,81,570.1723310003217
2,43,82,563.9144329998089
2,43,83,582.6558130002013
2,43,84,570.5870150004557
2,43,85,566.639065000345
2,43,86,577.4413250001089
2,43,87,577.7741309993871
2,43,88,576.0791309994602
2,43,89,635.4805150003813
2,43,90,564.7939569998925
2,43,91,569.4063150003785
2,43,92,577.094580999983
2,43,93,563.9486139998553
2,43,94,567.7819360007561
2,43,95,568.0543860007674
2,43,96,648.2236479996573
2,43,97,582.723470000019
2,43,98,645.4519070002789
2,43,99,565.8206729995072
2,43,100,557.7807350000512
2,43,101,559.4608519995745
2,43,102,568.2596160004323
2,43,103,578.8003970001228
2,43,104,579.1241179995268
2,43,105,570.7669180001176
2,43,106,566.6422800004511
2,43,107,585.2825820002181
2,43,108,576.6925470006754
2,43,109,589.9618240000564
2,43,110,557.2024089997285
2,43,111,561.3148890006414
2,43,112,568.4919469995293
2,43,113,566.4588059999005
2,43,114,571.0341900003186
2,43,115,574.8935339997843
2,43,116,610.3854900002261
2,43,117,590.2591099993515
2,43,118,585.6610600003478
2,43,119,557.7567930004079
2,43,120,567.8999679994376
2,43,121,573.1499880002957
2,43,122,570.7619570002862
2,43,123,565.677880000294
2,43,124,573.974926000119
2,43,125,567.4146920000567
2,43,126,576.9164600005752
2,43,127,602.6792200000273
2,43,128,614.9436639998385
2,43,129,574.1773439995086
2,43,130,559.7632159997374
2,43,131,608.9307490001374
2,43,132,578.9367139996102
2,43,133,593.9995959997759
2,43,134,590.1232530004563
2,43,135,566.0314020005899
2,43,136,569.3808569994872
2,43,137,574.7560469999371
2,43,138,576.450888999716
2,43,139,568.1929180000225
2,43,140,585.2421130002767
2,43,141,566.6216540003006
2,43,142,574.8408949993973
2,43,143,651.8377069996859
2,43,144,571.2028799998734
2,43,145,577.3179070001788
2,43,146,576.9933619994845
2,43,147,564.4175790002919
2,43,148,590.7692090004275
2,43,149,572.906976000013
2,43,150,640.7650350001859
2,43,151,692.4568839995118
2,43,152,633.7915619997148
2,43,153,599.1406960001768
2,43,154,557.9582589998608
2,43,155,574.5924530001503
2,43,156,641.8608979993223
2,43,157,573.3443939998324
2,43,158,576.6983189996608
2,43,159,595.6767360003141
2,43,160,576.9401939996897
2,43,161,571.3591670000824
2,43,162,601.8232529995657
2,43,163,556.0919679992367
2,43,164,571.8743140005245
2,43,165,576.2262660000488
2,43,166,561.2325160000182
2,43,167,575.4060019999088
2,43,168,590.7210870000199
2,43,169,581.6966200000024
2,43,170,583.2900639998115
2,43,171,597.3921739996513
2,43,172,569.1075000004275
2,43,173,578.9054610004314
2,43,174,560.8672739999747
2,43,175,573.1756440000026
2,43,176,593.9554440001302
2,43,177,664.3434900006469
2,43,178,629.9120550002044
2,43,179,716.5603000003102
2,43,180,826.0197920008068
2,43,181,819.2589020000014
2,43,182,792.9848650001077
2,43,183,655.2882060004777
2,43,184,588.9035310001418
2,43,185,598.6883969999326
2,43,186,573.7935889992514
2,43,187,579.751545000363
2,43,188,570.9193539996704
2,43,189,576.2513099998614
2,43,190,568.442075999883
2,43,191,596.274337000068
2,43,192,561.7477220002911
2,43,193,599.4125059996804
2,43,194,561.9871210001293
2,43,195,622.0930059998864
2,43,196,584.9626859999262
2,43,197,581.6212440004165
2,43,198,571.0506820005321
2,43,199,594.3292729998575
2,43,200,582.711928000208
2,43,201,565.4236300006232
2,43,202,567.4000929993781
2,43,203,596.6628750002201
2,43,204,594.2853379992812
2,43,205,566.2073590001455
2,43,206,567.9268530002446
2,43,207,583.429234000505
2,43,208,654.3039530006354
2,43,209,620.8338440001171
2,43,210,574.987584000155
2,43,211,586.5389090004101
2,43,212,573.0295519997526
2,43,213,565.4399649993138
2,43,214,577.3675139998886
2,43,215,571.506815000248
2,43,216,561.2624650002545
2,43,217,576.0674690000087
2,43,218,590.5448100002104
2,43,219,550.5548139999519
2,43,220,579.6994279999126
2,43,221,596.7228859999523
2,43,222,570.7111110004917
2,43,223,591.0042980003709
2,43,224,562.773315999948
2,43,225,575.8428150002146
2,43,226,570.2505039998869
2,43,227,561.4512510001077
2,43,228,584.7863059998417
2,43,229,589.9291870000525
2,43,230,578.3811769997556
2,43,231,577.073559999917
2,43,232,567.6327070004845
2,43,233,561.1142569996446
2,43,234,599.024618999465
2,43,235,610.6244229995355
2,43,236,562.4119909998626
2,43,237,598.929837000469
2,43,238,573.9496209998833
2,43,239,567.5856970001405
2,43,240,566.1201749999236
2,43,241,572.857772000134
2,43,242,592.7177700004904
2,43,243,567.1859949998179
2,43,244,571.227479999834
2,43,245,603.780598999947
2,43,246,561.6900880004323
2,43,247,581.1772130000463
2,43,248,613.8336309995793
2,43,249,553.0968049997682
2,43,250,570.2471069998865
2,43,251,581.2850439997419
2,43,252,564.1402900000685
2,43,253,574.1803669998262
2,43,254,582.3496159991919
2,43,255,570.7057919998988
2,43,256,573.6058029997366
2,43,257,579.4095279998146
2,43,258,578.9621499998248
2,43,259,595.3591400002551
2,43,260,553.322761000345
2,43,261,590.4727520000961
2,43,262,613.1959040003494
2,43,263,574.1809840001224
2,43,264,571.3436579999325
2,43,265,590.4098210003212
2,43,266,573.9690950003933
2,43,267,676.0223410001345
2,43,268,614.5757039994351
2,43,269,560.0668380002389
2,43,270,579.3385489996581
2,43,271,566.2637200002791
2,43,272,581.5582049999648
2,43,273,579.3243819998679
2,43,274,561.2812310000663
2,43,275,631.8077490004725
2,43,276,600.8436339998298
2,43,277,556.0026440007277
2,43,278,576.2027870005113
2,43,279,582.4353180005346
2,43,280,585.8308599999873
2,43,281,563.8855320003131
2,43,282,574.3291940007111
2,43,283,577.5648469998487
2,43,284,598.4076280001318
2,43,285,579.8858059997656
2,43,286,583.5894189995088
2,43,287,574.9832060000699
2,43,288,571.4063339992208
2,43,289,557.0599689999653
2,43,290,600.6603579999137
2,43,291,555.5502850002085
2,43,292,593.3052849995875
2,43,293,571.4243209995402
2,43,294,569.2664499993043
2,43,295,561.2124319995928
2,43,296,581.7671260001589
2,43,297,566.3614029999735
2,43,298,595.4972589997851
2,43,299,587.9955240006893
2,43,300,571.583668999665
2,43,301,563.3390820003115
2,43,302,636.625080000158
2,43,303,579.4746640003723
2,43,304,562.1470309997676
2,43,305,576.2068940002791
2,43,306,565.7793440004752
2,43,307,571.1638639995726
2,43,308,569.8167669997929
2,43,309,579.0642010006195
2,43,310,581.7530570002418
2,43,311,573.6550319998059
2,43,312,589.1118399995321
2,43,313,568.5119560002931
2,43,314,559.9064219995853
2,43,315,561.1822639993989
2,43,316,592.2182629992676
2,43,317,588.7090169999283
2,43,318,582.9822380001133
2,43,319,582.3436700002276
2,43,320,554.1106829996352
2,43,321,564.0801630006536
2,43,322,575.5017120000048
2,43,323,560.7355760002974
2,43,324,560.457642000074
2,43,325,595.8867259996623
2,43,326,573.3448480004881
2,43,327,566.9556450002347
2,43,328,572.7253770000971
2,43,329,623.8777709995702
2,43,330,585.184444999868
2,43,331,564.351548000559
2,43,332,574.5425720006097
2,43,333,590.675186000226
2,43,334,596.4579209994554
2,43,335,570.179760999963
2,43,336,575.0073709996286
2,43,337,568.4476970000105
2,43,338,618.4890920003454
2,43,339,561.4362360001905
2,43,340,578.0532469998434
2,43,341,590.8656459996564
2,43,342,557.75051099954
2,43,343,579.7468660002778
2,43,344,609.5764620004047
2,43,345,565.6098539993764
2,43,346,557.9903709995051
2,43,347,599.5922779993634
2,43,348,566.4555830007885
2,43,349,566.0729069995796
2,43,350,557.4936319999324
2,43,351,589.0166620001764
2,43,352,558.8888570000563
2,43,353,573.592550000285
2,43,354,562.5234770004681
2,43,355,597.252266000396
2,43,356,631.6213629997947
2,43,357,565.4719640006078
2,43,358,572.3734450002667
2,43,359,569.0748359993449
2,43,360,583.3799609999915
2,43,361,579.2536790004306
2,43,362,570.2282740003284
2,43,363,594.000989000051
2,43,364,575.6379650001691
2,43,365,581.589718000032
2,43,366,560.1833709997663
2,43,367,572.215228999994
2,43,368,601.0651319993485
2,43,369,556.8420040008277
2,43,370,605.4728879998947
2,43,371,601.8842230005248
2,43,372,571.3498209997852
2,43,373,567.7039499996681
2,43,374,566.2333319996833
2,43,375,561.1849509996318
2,43,376,567.6181580001867
2,43,377,583.5481370004345
2,43,378,564.8458780005967
2,43,379,568.4950289996777
2,43,380,573.1483810004647
2,43,381,591.2194259999524
2,43,382,581.1262919996807
2,43,383,596.0379769994688
2,43,384,586.1548069997298
2,43,385,570.1049210001656
2,43,386,575.3894240006048
2,43,387,602.4860690004061
2,43,388,579.2257240000254
2,43,389,559.1314670000429
2,43,390,596.6934469997796
2,43,391,600.5400760004704
2,43,392,560.6176410001353
2,43,393,583.5292159999881
2,43,394,568.4701979998863
2,43,395,577.0509229996605
2,43,396,570.8207059997221
2,43,397,617.3379179999756
2,43,398,592.3027290000391
2,43,399,568.8203330000761
2,43,400,599.9228250002488
3,44,1,542.3955299993395
3,44,2,536.9764970000688
3,44,3,503.8970440000412
3,44,4,507.9422990002058
3,44,5,563.976442999774
3,44,6,597.7652760002456
3,44,7,578.1613710005331
3,44,8,595.0836120000531
3,44,9,586.8223120005496
3,44,10,586.6240949999337
3,44,11,593.148912000288
3,44,12,577.7616579998721
3,44,13,618.569438999657
3,44,14,591.6959689993746
3,44,15,588.2951600005981
3,44,16,575.7957370005897
3,44,17,572.1255210000891
3,44,18,574.4830559997354
3,44,19,574.0464130003602
3,44,20,582.3045569995884
3,44,21,591.6250659993239
3,44,22,626.6955430000962
3,44,23,619.8532969992812
3,44,24,657.2318839998843
3,44,25,608.9584100000138
3,44,26,640.6401010008267
3,44,27,575.3778110001804
3,44,28,616.7376859993965
3,44,29,567.7548139992723
3,44,30,601.0126610008228
3,44,31,561.8168559994956
3,44,32,588.2971739993081
3,44,33,594.788231000166
3,44,34,563.7819070007026
3,44,35,565.7520000004297
3,44,36,586.4279620000161
3,44,37,569.8117529991578
3,44,38,569.2768610006169
3,44,39,586.229726000056
3,44,40,600.4935359997035
3,44,41,588.5408129997813
3,44,42,592.9215109999859
3,44,43,569.6956840001803
3,44,44,565.2767349993155
3,44,45,572.9887110001073
3,44,46,569.1664859996308
3,44,47,579.0838319999239
3,44,48,652.6360549996753
3,44,49,654.7121829999014
3,44,50,601.0390889996415
3,44,51,567.4741240000003
3,44,52,576.4431940006034
3,44,53,619.96370199995
3,44,54,589.6435899994685
3,44,55,595.8914759994514
3,44,56,599.1877980004574
3,44,57,564.0446670004167
3,44,58,573.7381270000697
3,44,59,583.725086999948
3,44,60,571.9120439998733
3,44,61,582.0425350002552
3,44,62,583.3381649999865
3,44,63,600.5834369998411
3,44,64,607.6175059997695
3,44,65,590.3550030006954
3,44,66,619.2978959998072
3,44,67,571.2881650006238
3,44,68,585.1871120003125
3,44,69,576.9147320006596
3,44,70,594.962373999806
3,44,71,564.6526999998969
3,44,72,568.7355010004467
3,44,73,573.7717499996506
3,44,74,605.6859660002374
3,44,75,586.3737730005596
3,44,76,570.48727900019
3,44,77,569.0868860001501
3,44,78,586.3324410001951
3,44,79,574.5136850000563
3,44,80,575.4948230005539
3,44,81,597.7767349995702
3,44,82,572.4490020002122
3,44,83,591.0795409999992
3,44,84,590.1939479999783
3,44,85,555.4437729997517
3,44,86,570.3946060002636
3,44,87,582.910424000147
3,44,88,557.427113999438
3,44,89,574.8531569997795
3,44,90,570.336426000722
3,44,91,568.6312480002016
3,44,92,580.9136560001207
3,44,93,615.824769000028
3,44,94,587.8263530003096
3,44,95,583.4368230007385
3,44,96,564.1298009995808
3,44,97,567.6720980000027
3,44,98,563.562624000042
3,44,99,575.4467039996598
3,44,100,571.5596980007831
3,44,101,575.6002850002915
3,44,102,578.0365410000741
3,44,103,579.05473000028
3,44,104,579.4199400006619
3,44,105,573.048805000326
3,44,106,617.8282229993783
3,44,107,571.1338889996114
3,44,108,575.4439299998921
3,44,109,572.3485290000099
3,44,110,573.4431820001191
3,44,111,565.6144980002864
3,44,112,581.8517349998729
3,44,113,571.0014749993206
3,44,114,582.6344360002622
3,44,115,595.6343449997803
3,44,116,573.7517079996906
3,44,117,577.8733309998643
3,44,118,586.1585139991803
3,44,119,568.2115670006169
3,44,120,627.0573579995471
3,44,121,566.9577180005945
3,44,122,584.2666250000548
3,44,123,591.5828760007571
3,44,124,601.0672129996237
3,44,125,567.6925609996033
3,44,126,585.9787589997723
3,44,127,570.0123220003661
3,44,128,568.0617789994358
3,44,129,581.5404929999204
3,44,130,604.0651399998751
3,44,131,567.3759989995233
3,44,132,573.9845919997606
3,44,133,607.6447689993074
3,44,134,585.9586449996641
3,44,135,579.8147110008358
3,44,136,561.0461480000595
3,44,137,579.734500000086
3,44,138,574.6225630000481
3,44,139,567.8823940006623
3,44,140,594.016985000053
3,44,141,569.245291999323
3,44,142,585.601812999812
3,44,143,585.2626870000677
3,44,144,576.8767330000628
3,44,145,565.8625109999775
3,44,146,595.746980999138
3,44,147,608.1156569998711
3,44,148,583.8935729998411
3,44,149,580.1988499997606
3,44,150,588.9963070003432
3,44,151,562.872251999579
3,44,152,578.1578129999616
3,44,153,569.1815069994846
3,44,154,579.3709249992389
3,44,155,580.9367239999119
3,44,156,575.4042290000143
3,44,157,591.0873490001904
3,44,158,586.7832049998469
3,44,159,549.1827259993443
3,44,160,641.6197469998224
3,44,161,578.0129250006212
3,44,162,583.834585000659
3,44,163,591.4412559995981
3,44,164,576.9016340000235
3,44,165,597.6922330000889
3,44,166,559.0011390004292
3,44,167,562.0837930000562
3,44,168,572.8600109996478
3,44,169,585.4460359996665
3,44,170,571.7738969997299
3,44,171,597.7366719998827
3,44,172,573.3974200002194
3,44,173,595.9950659998867
3,44,174,576.9239649998781
3,44,175,597.6849859998765
3,44,176,619.7911560002467
3,44,177,603.3630309993896
3,44,178,567.558070000814
3,44,179,567.4653460000627
3,44,180,571.6032670006825
3,44,181,567.8973499998392
3,44,182,577.5087250003708
3,44,183,579.5264050002515
3,44,184,575.2992310008267
3,44,185,591.7284389997803
3,44,186,594.955977000609
3,44,187,612.3840649997874
3,44,188,600.9540320001179
3,44,189,593.0995279995841
3,44,190,561.2708629996632
3,44,191,601.3635449999128
3,44,192,564.3265840008098
3,44,193,587.6516669995908
3,44,194,572.341308000432
3,44,195,568.4694179999497
3,44,196,586.9670949996362
3,44,197,575.0223209997785
3,44,198,571.611586000472
3,44,199,561.8919490007102
3,44,200,625.2813669998432
3,44,201,559.9692189998677
3,44,202,594.275110000126
3,44,203,575.6579380004041
3,44,204,575.9357010001622
3,44,205,607.9934970002796
3,44,206,570.7795070002248
3,44,207,563.0697979995603
3,44,208,591.6813550002189
3,44,209,581.4630929999112
3,44,210,605.937112999527
3,44,211,569.7095420000551
3,44,212,575.7322859999476
3,44,213,565.0272040002164
3,44,214,612.6214229998368
3,44,215,597.3431909997089
3,44,216,580.0586160003149
3,44,217,597.2044370000731
3,44,218,562.9822279997825
3,44,219,575.8278399998744
3,44,220,587.7534189994549
3,44,221,587.3967900006392
3,44,222,569.3303319994811
3,44,223,584.6785220001038
3,44,224,587.4867359998461
3,44,225,590.3053510000973
3,44,226,566.4614670004084
3,44,227,609.1451510001207
3,44,228,583.2022739996319
3,44,229,580.274924999685
3,44,230,591.3510520003911
3,44,231,589.4314260003739
3,44,232,580.364751000161
3,44,233,588.8801930004774
3,44,234,585.863573000097
3,44,235,575.1074479994713
3,44,236,579.6308879998833
3,44,237,602.0449800007555
3,44,238,572.2735219997048
3,44,239,574.3474159999096
3,44,240,582.2849409996707
3,44,241,577.024831000017
3,44,242,625.2245159994345
3,44,243,558.9858560006178
3,44,244,567.6151870002286
3,44,245,571.6495269998632
3,44,246,572.2531510000408
3,44,247,583.3886039999925
3,44,248,572.4371060005069
3,44,249,579.4240459999855
3,44,250,594.4799409999177
3,44,251,556.7187550004746
3,44,252,573.9289439998174
3,44,253,572.1127219994742
3,44,254,638.5427330005768
3,44,255,578.7769870003103
3,44,256,598.9703220002411
3,44,257,571.7855780003447
3,44,258,568.323354000313
3,44,259,606.2814420001814
3,44,260,563.9799450000282
3,44,261,576.5603510008077
3,44,262,578.0104309997114
3,44,263,596.8563570004335
3,44,264,592.8426190002938
3,44,265,564.8543979996248
3,44,266,568.3543810000629
3,44,267,634.0718800001923
3,44,268,575.9263400004784
3,44,269,590.2628149997327
3,44,270,584.5807209998384
3,44,271,607.7177639999718
3,44,272,577.9163209999751
3,44,273,579.1066669999054
3,44,274,570.4162960000758
3,44,275,570.2015340002617
3,44,276,618.439261000276
3,44,277,578.1163970004854
3,44,278,571.5591950001908
3,44,279,557.6774400005888
3,44,280,595.995351000056
3,44,281,627.163395000025
3,44,282,588.2196049997219
3,44,283,576.3678749999599
3,44,284,576.2926900006278
3,44,285,572.3059900001317
3,44,286,582.0862749997104
3,44,287,607.5724570000602
3,44,288,573.4804999992775
3,44,289,573.7945030004994
3,44,290,595.7883319997563
3,44,291,562.6970100001927
3,44,292,563.5435529993629
3,44,293,581.9463559992073
3,44,294,611.5216480002346
3,44,295,578.010569000071
3,44,296,572.8094759997475
3,44,297,570.5763919995661
3,44,298,578.9369320000333
3,44,299,576.9353460000275
3,44,300,574.1463670001394
3,44,301,582.3665620000611
3,44,302,568.9251320000039
3,44,303,602.7532630005226
3,44,304,591.9997199998761
3,44,305,560.2289420003217
3,44,306,594.2551649995949
3,44,307,586.646114999894
3,44,308,573.6649650007166
3,44,309,592.1269010004835
3,44,310,572.9254489997402
3,44,311,608.6883360003412
3,44,312,576.4199709992681
3,44,313,569.7436310001649
3,44,314,571.5188490003129
3,44,315,583.15499299988
3,44,316,579.4160249997731
3,44,317,570.924026999819
3,44,318,608.4054460006882
3,44,319,572.1898720003082
3,44,320,568.3365730001242
3,44,321,640.117800000553
3,44,322,567.7498320001177
3,44,323,580.8725630004119
3,44,324,596.75894800057
3,44,325,572.228627000186
3,44,326,580.9496259998923
3,44,327,590.0113159996181
3,44,328,564.5572880002874
3,44,329,606.8309160000354
3,44,330,591.1642060000304
3,44,331,569.570112999827
3,44,332,596.8361539999023
3,44,333,569.2966349997732
3,44,334,624.116781000339
3,44,335,579.774241999985
3,44,336,593.6915840002257
3,44,337,571.241371000724
3,44,338,580.7678709998072
3,44,339,581.9494289999056
3,44,340,579.492666999613
3,44,341,578.3927709999261
3,44,342,577.7698530000634
3,44,343,610.6703209998159
3,44,344,582.9092590001892
3,44,345,559.0838999996777
3,44,346,588.5048380005173
3,44,347,595.0775530000101
3,44,348,587.8646239998488
3,44,349,599.8777229997359
3,44,350,594.80251199966
3,44,351,577.0427159995961
3,44,352,598.3864390000235
3,44,353,552.8189990000101
3,44,354,569.068912000148
3,44,355,609.6502000000328
3,44,356,572.065630999532
3,44,357,582.4724959993546
3,44,358,648.2982990000892
3,44,359,686.0713409996606
3,44,360,598.9116250002553
3,44,361,607.348446999822
3,44,362,578.560942999502
3,44,363,593.5226589999729
3,44,364,574.9886300000071
3,44,365,567.0889740003986
3,44,366,572.8544289995625
3,44,367,607.529438999336
3,44,368,568.2936100001825
3,44,369,608.3025739999357
3,44,370,559.1476899999179
3,44,371,678.9020090000122
3,44,372,569.9786589993892
3,44,373,567.3048169992398
3,44,374,640.8844019997559
3,44,375,584.7473350004293
3,44,376,589.3979499996931
3,44,377,576.5754189997097
3,44,378,575.7969109999976
3,44,379,569.8685970000952
3,44,380,570.8388289995128
3,44,381,574.6018890004052
3,44,382,557.4450410003919
3,44,383,569.2715260001933
3,44,384,628.3333730007143
3,44,385,607.0790869998746
3,44,386,567.0958939999764
3,44,387,591.5131559995643
3,44,388,632.0922770000834
3,44,389,577.1319139994375
3,44,390,565.7613990006212
3,44,391,596.3319200000115
3,44,392,565.1331460003348
3,44,393,583.0641079992347
3,44,394,561.331842999607
3,44,395,591.7307850004363
3,44,396,562.2103960004097
3,44,397,576.9344279997313
3,44,398,565.852095000082
3,44,399,570.3112370001691
3,44,400,575.1263000001927
4,45,1,551.0695279999709
4,45,2,508.76293900000746
4,45,3,515.4728540001088
4,45,4,518.234721999761
4,45,5,573.7657039999249
4,45,6,631.9591960000253
4,45,7,588.1113969999205
4,45,8,597.6098780001848
4,45,9,640.6831300000704
4,45,10,604.9106840000604
4,45,11,576.2340280007265
4,45,12,584.9786530006895
4,45,13,598.1452270007139
4,45,14,566.963078000299
4,45,15,586.2304170004791
4,45,16,569.283261000237
4,45,17,585.4644880000706
4,45,18,602.8247780004676
4,45,19,565.4449839994413
4,45,20,595.4038239997317
4,45,21,561.750806999953
4,45,22,631.7353109998294
4,45,23,578.7757129992315
4,45,24,570.0337939997553
4,45,25,586.1470569998346
4,45,26,568.7816609997753
4,45,27,561.0437229997842
4,45,28,572.3773159998018
4,45,29,604.0042559998255
4,45,30,567.9129079999257
4,45,31,605.5101359997934
4,45,32,578.3445349998146
4,45,33,576.6649810002491
4,45,34,576.8518280001445
4,45,35,580.5299349995039
4,45,36,576.2650289998419
4,45,37,584.7889189999478
4,45,38,598.7574290002158
4,45,39,597.6442569999563
4,45,40,577.8889229995912
4,45,41,581.76989399999
4,45,42,567.2465910001847
4,45,43,569.2457369996191
4,45,44,594.1993619999266
4,45,45,576.7646869999226
4,45,46,574.7580449997258
4,45,47,584.4999220007594
4,45,48,573.249291999673
4,45,49,625.0118250000014
4,45,50,598.0049870004223
4,45,51,564.1092670002763
4,45,52,568.9208130006591
4,45,53,555.7283560001451
4,45,54,558.9494409996405
4,45,55,602.0467890002692
4,45,56,567.9385160001402
4,45,57,553.5094400001981
4,45,58,585.2090899998075
4,45,59,566.8002270003853
4,45,60,586.6360390000409
4,45,61,568.1119740002032
4,45,62,574.8623459994633
4,45,63,559.372417999839
4,45,64,619.0577440002016
4,45,65,586.1535980002373
4,45,66,564.8674799995206
4,45,67,599.7651229999974
4,45,68,578.5636259997773
4,45,69,572.4834180000471
4,45,70,571.1127069998838
4,45,71,559.4188119994215
4,45,72,568.2013050000023
4,45,73,600.8145579999109
4,45,74,571.2492420007038
4,45,75,609.7540669998125
4,45,76,609.7835190003025
4,45,77,580.8480509995206
4,45,78,595.2163860001747
4,45,79,591.1074729992833
4,45,80,576.9782359993769
4,45,81,601.267320000261
4,45,82,568.0283530000452
4,45,83,570.7483699998193
4,45,84,601.1054850005166
4,45,85,566.3196340001377
4,45,86,587.1521609997217
4,45,87,570.5984509995687
4,45,88,572.4746410005537
4,45,89,588.6872440005391
4,45,90,580.444037000234
4,45,91,588.7863660000221
4,45,92,601.8918709996797
4,45,93,561.2770930001716
4,45,94,578.1293720001486
4,45,95,563.5998350007867
4,45,96,561.7741469995963
4,45,97,566.3576229999308
4,45,98,622.7158699994106
4,45,99,559.9479439997594
4,45,100,559.2322780003087
4,45,101,571.5472560004855
4,45,102,563.8812990000588
4,45,103,631.2244579994513
4,45,104,587.0050929997888
4,45,105,583.9215599999079
4,45,106,554.3570930003625
4,45,107,598.3758990005299
4,45,108,563.1649890001427
4,45,109,603.5484550002366
4,45,110,561.4584869999817
4,45,111,598.5133849999329
4,45,112,600.9648630006268
4,45,113,574.2455159997917
4,45,114,575.5848349999724
4,45,115,589.1135109995957
4,45,116,569.8558570002206
4,45,117,595.9475540003041
4,45,118,589.7630850004134
4,45,119,640.053459000228
4,45,120,582.1766159997424
4,45,121,628.2708240005377
4,45,122,692.2415360004379
4,45,123,612.1406510001179
4,45,124,589.508957000362
4,45,125,626.7044400001396
4,45,126,626.0288909998053
4,45,127,607.7516770001239
4,45,128,571.3837170005718
4,45,129,589.4564669997635
4,45,130,575.4069359991263
4,45,131,595.7053769998311
4,45,132,573.5024169998724
4,45,133,557.4166209999021
4,45,134,589.182938999329
4,45,135,570.1605610001934
4,45,136,583.6847059999855
4,45,137,575.3885479998644
4,45,138,586.7523429997163
4,45,139,606.9971150000129
4,45,140,569.9160720005239
4,45,141,576.1729460000424
4,45,142,560.7018430000608
4,45,143,635.5848789999072
4,45,144,565.8872280000651
4,45,145,612.7982029993291
4,45,146,573.2558939998853
4,45,147,561.0662130002311
4,45,148,570.9235820004324
4,45,149,579.6194409995223
4,45,150,578.5349570005565
4,45,151,578.8771269999415
4,45,152,575.3547149997758
4,45,153,558.8523480000731
4,45,154,605.8963129999029
4,45,155,578.0240950007283
4,45,156,617.757895000068
4,45,157,569.6341210004903
4,45,158,583.9315890007128
4,45,159,558.358983999824
4,45,160,576.6391760007537
4,45,161,569.046857000103
4,45,162,581.2733440006923
4,45,163,598.5646160006581
4,45,164,563.3445590001429
4,45,165,574.1284819996508
4,45,166,571.7149809997863
4,45,167,570.6932410002992
4,45,168,586.5347860008114
4,45,169,580.6794810005158
4,45,170,625.848885000778
4,45,171,581.0204449999219
4,45,172,569.9644750002335
4,45,173,596.9509140004448
4,45,174,593.5772900002121
4,45,175,555.1868039992769
4,45,176,584.9772230003509
4,45,177,590.9802019996278
4,45,178,574.2283489998954
4,45,179,578.730677000749
4,45,180,572.3695320002662
4,45,181,570.6648459999997
4,45,182,583.8744190004945
4,45,183,605.9538949994021
4,45,184,580.9049079998658
4,45,185,610.1114879993474
4,45,186,572.8780540002845
4,45,187,574.0064199999324
4,45,188,580.5477089998021
4,45,189,584.323021000273
4,45,190,569.3515240000124
4,45,191,592.3113270000613
4,45,192,579.9592049997955
4,45,193,594.2925839999589
4,45,194,574.4839509998201
4,45,195,551.8099700002495
4,45,196,560.593420999794
4,45,197,603.5316150000654
4,45,198,587.448663000032
4,45,199,582.5866900004257
4,45,200,599.2106100002275
4,45,201,562.0407939995857
4,45,202,569.4439760000023
4,45,203,566.950370000086
4,45,204,565.552743999433
4,45,205,599.4185229992581
4,45,206,580.5402980004146
4,45,207,581.1979630007045
4,45,208,588.1516890003695
4,45,209,568.1515830001445
4,45,210,603.6276029999499
4,45,211,580.8239910002158
4,45,212,584.4562169995697
4,45,213,573.8105739992534
4,45,214,562.542097000005
4,45,215,579.8188220005613
4,45,216,572.3170869996466
4,45,217,593.651176000094
4,45,218,563.0966839999019
4,45,219,614.338797999153
4,45,220,558.0360009998913
4,45,221,592.1460090003166
4,45,222,561.7807730004643
4,45,223,574.3254250000973
4,45,224,612.7623799993671
4,45,225,602.5610990000132
4,45,226,598.9314979997289
4,45,227,566.4925350001795
4,45,228,590.7765429992651
4,45,229,581.273460000375
4,45,230,580.9668459996828
4,45,231,570.3509750001103
4,45,232,582.1568579995073
4,45,233,585.4849899997134
4,45,234,577.1394770008555
4,45,235,588.6946809996516
4,45,236,602.933498999846
4,45,237,597.9107989996919
4,45,238,569.6315149998554
4,45,239,600.5820609998409
4,45,240,578.9488840000558
4,45,241,566.3698090002072
4,45,242,587.5793109998995
4,45,243,569.6757309997338
4,45,244,573.4927880002942
4,45,245,582.3629340002299
4,45,246,610.7349100002466
4,45,247,589.2245549994186
4,45,248,567.6760770002147
4,45,249,567.973510000229
4,45,250,583.5404529998414
4,45,251,591.5741509998043
4,45,252,589.4515059999321
4,45,253,572.367179000139
4,45,254,586.9836040001246
4,45,255,579.0151270002752
4,45,256,582.5557030002528
4,45,257,564.9217089994636
4,45,258,571.8658559999312
4,45,259,600.799191999613
4,45,260,576.4037720000488
4,45,261,576.1424930005887
4,45,262,582.9483110001092
4,45,263,570.2667119994658
4,45,264,611.8137489993387
4,45,265,582.9765349999434
4,45,266,591.6434450000452
4,45,267,594.3986279999081
4,45,268,574.5201899999302
4,45,269,556.3558699996065
4,45,270,573.7879569996949
4,45,271,581.9087969994143
4,45,272,574.2209940008252
4,45,273,611.1915869996665
4,45,274,610.3327299997545
4,45,275,577.5042029999895
4,45,276,578.3309819998976
4,45,277,565.0515639999867
4,45,278,583.6715389996243
4,45,279,587.122353000268
4,45,280,565.3833199994551
4,45,281,573.7920259998646
4,45,282,582.9109579999567
4,45,283,571.0869960003038
4,45,284,583.218110999951
4,45,285,573.5486280000259
4,45,286,587.4766930000987
4,45,287,588.6699600005159
4,45,288,585.4773719993318
4,45,289,601.1323340007948
4,45,290,590.1356129998021
4,45,291,607.2501489998103
4,45,292,568.851807000101
4,45,293,592.2012619994348
4,45,294,572.357610999461
4,45,295,568.0382070004271
4,45,296,583.2870929998535
4,45,297,601.4198250004483
4,45,298,566.3914549995752
4,45,299,587.2017550000237
4,45,300,575.7880860001023
4,45,301,581.5199340004256
4,45,302,572.2757990006357
4,45,303,584.9047169995174
4,45,304,571.3934599998538
4,45,305,585.134410000137
4,45,306,580.748993999805
4,45,307,613.4528339998724
4,45,308,582.6947820005444
4,45,309,576.4975609999965
4,45,310,574.6859299997595
4,45,311,565.0529610002195
4,45,312,574.1425469996102
4,45,313,598.7360260005516
4,45,314,577.0907810001518
4,45,315,577.4054650000835
4,45,316,593.0512550003186
4,45,317,578.2852669999556
4,45,318,621.2821319995783
4,45,319,566.3147369996295
4,45,320,614.7328010001729
4,45,321,602.0787750003365
4,45,322,569.4410769992828
4,45,323,559.840637999514
4,45,324,584.7117809998963
4,45,325,571.9643230004294
4,45,326,572.2521380002945
4,45,327,585.2452310000444
4,45,328,587.1824620007828
4,45,329,594.5857719998457
4,45,330,593.4983699999066
4,45,331,558.9022120002483
4,45,332,604.2856239992034
4,45,333,704.5600929995999
4,45,334,579.320543999529
4,45,335,579.1533550000167
4,45,336,576.167655000063
4,45,337,580.5497199999081
4,45,338,576.7208790002769
4,45,339,581.9192140006635
4,45,340,581.367402000069
4,45,341,588.0564129993218
4,45,342,573.9548980000109
4,45,343,573.636773000544
4,45,344,620.9739679998165
4,45,345,678.3521990000736
4,45,346,622.1802050004044
4,45,347,572.8129179997268
4,45,348,580.0238219999301
4,45,349,569.7142510007325
4,45,350,584.460324000247
4,45,351,558.1414639991635
4,45,352,564.5675690002463
4,45,353,569.941858000675
4,45,354,572.3718229992301
4,45,355,575.4722649999167
4,45,356,592.3033540002507
4,45,357,576.5737070005343
4,45,358,594.4854330000453
4,45,359,588.3904620004614
4,45,360,563.8974109997434
4,45,361,585.5110700003934
4,45,362,598.8517139994656
4,45,363,556.6696949999823
4,45,364,590.1657050007998
4,45,365,564.235318000101
4,45,366,566.8105859995194
4,45,367,597.8270569994493
4,45,368,590.0326990004032
4,45,369,560.7500380001511
4,45,370,582.5832239997908
4,45,371,568.3879680000246
4,45,372,638.6555989993212
4,45,373,582.9432040000029
4,45,374,587.4209189996691
4,45,375,593.3413980001205
4,45,376,592.8278890005458
4,45,377,577.4147419997462
4,45,378,564.697410000008
4,45,379,591.8734229999245
4,45,380,592.0195620001323
4,45,381,589.4682329999341
4,45,382,590.1232669993988
4,45,383,557.0434569999634
4,45,384,577.6384179998786
4,45,385,611.8337440002506
4,45,386,558.967245000531
4,45,387,584.3376599996191
4,45,388,555.6438390003677
4,45,389,607.2802720000254
4,45,390,552.7221150005062
4,45,391,564.1994480001813
4,45,392,577.877124999759
4,45,393,566.0977120005555
4,45,394,590.2112670000861
4,45,395,606.3250160004827
4,45,396,580.7409659992118
4,45,397,555.608573000427
4,45,398,573.985150000226
4,45,399,624.3284740003219
4,45,400,586.4503530001457
5,46,1,608.7825849999717
5,46,2,540.1551439999821
5,46,3,503.8875410000401
5,46,4,522.3999519994322
5,46,5,591.4999209999223
5,46,6,575.4783769998539
5,46,7,663.8431820001642
5,46,8,615.9104270000171
5,46,9,571.7363829999158
5,46,10,580.6748479999442
5,46,11,584.0664170000309
5,46,12,583.2253140006287
5,46,13,616.7183850002402
5,46,14,580.3075349995197
5,46,15,597.1249610001905
5,46,16,622.7999319999071
5,46,17,567.7356199994392
5,46,18,586.3702099995862
5,46,19,558.3062689993312
5,46,20,628.1233440004144
5,46,21,579.6761729998252
5,46,22,582.4972159998651
5,46,23,575.3486820003673
5,46,24,585.4045059995769
5,46,25,564.9193469998863
5,46,26,577.6682129999244
5,46,27,587.6686510000582
5,46,28,601.6360459998396
5,46,29,583.9859349998733
5,46,30,574.687964000077
5,46,31,586.5078099996026
5,46,32,583.0998440005715
5,46,33,581.507603999853
5,46,34,591.5305749995241
5,46,35,598.8161440000113
5,46,36,561.7769230002523
5,46,37,574.5013339992511
5,46,38,559.6152059997621
5,46,39,573.0385770002613
5,46,40,571.3439049995941
5,46,41,565.3381120000631
5,46,42,595.2880549994006
5,46,43,593.3717360003357
5,46,44,567.851783000151
5,46,45,568.4518289999687
5,46,46,606.8524940001225
5,46,47,618.7554660000387
5,46,48,593.1140749999031
5,46,49,579.3873560005522
5,46,50,582.1671260000585
5,46,51,583.5957359995518
5,46,52,576.8206180000561
5,46,53,570.3693169998587
5,46,54,580.2199290001226
5,46,55,593.0974869997954
5,46,56,585.359456000333
5,46,57,594.3956459996116
5,46,58,563.9402659999178
5,46,59,580.7019940002647
5,46,60,646.5613169993958
5,46,61,565.1466660001461
5,46,62,583.7673679998261
5,46,63,598.1037960000322
5,46,64,579.0187089996834
5,46,65,564.9325350004801
5,46,66,598.5720640001091
5,46,67,584.7099940001499
5,46,68,622.149034999893
5,46,69,576.5055499996379
5,46,70,580.2180669998052
5,46,71,597.0693529998243
5,46,72,583.7954400003582
5,46,73,580.0125579999076
5,46,74,588.2930719999422
5,46,75,583.2253609996769
5,46,76,587.8200450006261
5,46,77,621.7483210002683
5,46,78,574.8501829993984
5,46,79,555.254359999708
5,46,80,599.4669519996023
5,46,81,576.5511350000452
5,46,82,560.1374000007127
5,46,83,604.796427999645
5,46,84,564.6916219993727
5,46,85,567.3304329993698
5,46,86,577.0309250001446
5,46,87,635.7726159994854
5,46,88,601.6066180000053
5,46,89,606.9530830000076
5,46,90,574.1652049991899
5,46,91,589.228942999398
5,46,92,594.2180910005845
5,46,93,578.1482160000451
5,46,94,572.7245470006892
5,46,95,565.227495999352
5,46,96,594.7865879998062
5,46,97,570.7275459999437
5,46,98,607.9445029999988
5,46,99,602.7026009996916
5,46,100,616.702522000196
5,46,101,559.902578999754
5,46,102,596.5026389994819
5,46,103,576.4312010005597
5,46,104,575.0898790001884
5,46,105,578.3624720006628
5,46,106,574.8420610007088
5,46,107,569.1901659993164
5,46,108,599.24787700038
5,46,109,614.2743549999068
5,46,110,585.820049999711
5,46,111,581.2893269994674
5,46,112,579.8733629999333
5,46,113,573.8175950000368
5,46,114,588.0244129994026
5,46,115,575.2683359996809
5,46,116,590.5252020002081
5,46,117,574.6329379999224
5,46,118,589.8935790000905
5,46,119,575.7444649998433
5,46,120,577.2670260002997
5,46,121,559.2618740001853
5,46,122,592.9156550000698
5,46,123,581.4817619993846
5,46,124,573.2370430005176
5,46,125,575.6627189994106
5,46,126,559.683144999326
5,46,127,620.9592670002166
5,46,128,569.3820200003756
5,46,129,583.9249150003525
5,46,130,628.2920829999057
5,46,131,583.4441269998933
5,46,132,565.1203110001006
5,46,133,592.9250280005363
5,46,134,569.5336250000764
5,46,135,584.922223999456
5,46,136,579.4434150002417
5,46,137,568.4842299997399
5,46,138,570.6744730005084
5,46,139,600.9402690006027
5,46,140,572.7059419996294
5,46,141,640.8648260003247
5,46,142,575.0636620005025
5,46,143,574.7573139997257
5,46,144,573.1602759997259
5,46,145,570.016752999436
5,46,146,571.7223420006121
5,46,147,595.7844220001789
5,46,148,586.57352299997
5,46,149,590.6205150004098
5,46,150,598.1465680006295
5,46,151,586.2973260000217
5,46,152,589.4330410001203
5,46,153,631.6719050000756
5,46,154,591.8462629997521
5,46,155,584.417432999544
5,46,156,604.677502999948
5,46,157,574.9939509996693
5,46,158,577.5838580002528
5,46,159,559.9382840000544
5,46,160,575.3618899998401
5,46,161,584.344744000191
5,46,162,576.7146980006146
5,46,163,577.4810140001136
5,46,164,588.064850999217
5,46,165,571.7865110000275
5,46,166,594.9464830000579
5,46,167,654.9513729996761
5,46,168,553.7572849998469
5,46,169,579.4860750002044
5,46,170,570.0994230001015
5,46,171,574.362521000694
5,46,172,575.2838879998308
5,46,173,580.0479899999118
5,46,174,631.1679219998041
5,46,175,654.9954590000198
5,46,176,578.2801919995109
5,46,177,570.2913630002513
5,46,178,623.7421870000617
5,46,179,566.496494000603
5,46,180,638.106085999425
5,46,181,592.8159739996772
5,46,182,644.9929529999281
5,46,183,623.2256839994079
5,46,184,644.1721920000418
5,46,185,653.3342239999911
5,46,186,635.4462469998907
5,46,187,608.7281310001345
5,46,188,580.6289149995791
5,46,189,621.636328999557
5,46,190,566.3899540004422
5,46,191,580.5924870001036
5,46,192,574.9518209995585
5,46,193,646.1260160003803
5,46,194,685.1481779995083
5,46,195,673.5199590002594
5,46,196,639.5971679994545
5,46,197,626.7027639996741
5,46,198,634.386849999828
5,46,199,616.0246819999884
5,46,200,631.8544850000762
5,46,201,581.9295769997552
5,46,202,612.9895340000076
5,46,203,595.0525500002186
5,46,204,563.0637510002998
5,46,205,605.1702439999644
5,46,206,628.404856999623
5,46,207,653.0523400006132
5,46,208,629.570266999508
5,46,209,635.9765849992982
5,46,210,614.195703000405
5,46,211,628.6822980000579
5,46,212,628.0036520001886
5,46,213,637.7375990005021
5,46,214,617.8074199997354
5,46,215,583.3271640003659
5,46,216,573.0225040006189
5,46,217,571.4062739998553
5,46,218,677.7687270005117
5,46,219,645.9043020004174
5,46,220,630.1213579999967
5,46,221,637.2433540000202
5,46,222,652.0768650007085
5,46,223,653.2189899999139
5,46,224,641.0529249997126
5,46,225,610.7281519998651
5,46,226,648.9885569999387
5,46,227,621.341625000241
5,46,228,569.876225000371
5,46,229,605.6030059999102
5,46,230,560.5720659996223
5,46,231,710.752754999703
5,46,232,653.8219720005145
5,46,233,634.1935239997838
5,46,234,651.2736869999571
5,46,235,625.2884940004151
5,46,236,623.5112740005206
5,46,237,630.2920400003131
5,46,238,643.8566500000888
5,46,239,681.9416329999513
5,46,240,591.2260260001858
5,46,241,581.3073859999349
5,46,242,599.960700000338
5,46,243,626.0740070001702
5,46,244,667.2622490004869
5,46,245,602.5853709998046
5,46,246,584.5094729993434
5,46,247,584.1201780003757
5,46,248,605.187678999755
5,46,249,576.2911059991893
5,46,250,580.7261319996542
5,46,251,570.5183449999822
5,46,252,580.3931340005875
5,46,253,585.94687599998
5,46,254,601.9541139994544
5,46,255,564.0030469994599
5,46,256,609.0268079997259
5,46,257,565.705426999557
5,46,258,579.3877220003196
5,46,259,588.7665410000409
5,46,260,571.1919100003797
5,46,261,592.7285759998995
5,46,262,581.1724410004899
5,46,263,583.927673999824
5,46,264,635.0954489998912
5,46,265,568.0300579997493
5,46,266,636.4241419996688
5,46,267,689.3382369999017
5,46,268,739.3050789996778
5,46,269,761.7357119997905
5,46,270,756.2036290000833
5,46,271,638.8821999998981
5,46,272,589.9780150002698
5,46,273,596.8672190001598
5,46,274,592.7026100007424
5,46,275,576.8111870002031
5,46,276,567.3932990002868
5,46,277,600.1586769998539
5,46,278,582.7667119992839
5,46,279,581.7238540003018
5,46,280,580.9121260008396
5,46,281,564.6421580004244
5,46,282,652.1670809997886
5,46,283,602.0928139996613
5,46,284,577.3805469998479
5,46,285,575.9931140000845
5,46,286,572.371956999632
5,46,287,601.8384779999906
5,46,288,577.4464420001095
5,46,289,579.8754749994259
5,46,290,581.7638219996297
5,46,291,586.3836500002435
5,46,292,577.7391530000386
5,46,293,577.9043849997834
5,46,294,579.8128749993339
5,46,295,601.4079619999393
5,46,296,583.6738930001957
5,46,297,600.5303870006173
5,46,298,596.4416819997496
5,46,299,577.9959259998577
5,46,300,552.9818340000929
5,46,301,600.6076080002458
5,46,302,574.3250289997377
5,46,303,571.1200470004769
5,46,304,571.0933560003468
5,46,305,577.291497999795
5,46,306,587.3678419993666
5,46,307,601.1477390002256
5,46,308,585.1949999996577
5,46,309,585.8701489996747
5,46,310,591.7861260004429
5,46,311,584.1080999998667
5,46,312,564.2994710005951
5,46,313,570.9921659999964
5,46,314,604.5696790006332
5,46,315,570.4855820004013
5,46,316,573.1552600000214
5,46,317,575.751579000098
5,46,318,573.0198419996668
5,46,319,573.3659500001522
5,46,320,582.085840000218
5,46,321,575.8589759998358
5,46,322,647.2349989999202
5,46,323,583.6103699994055
5,46,324,587.4463560003278
5,46,325,583.833298999707
5,46,326,575.0784230003774
5,46,327,576.1993320002148
5,46,328,595.7068679999793
5,46,329,600.035050999395
5,46,330,576.2407929996698
5,46,331,561.045882000144
5,46,332,575.7670719995076
5,46,333,584.8514449999129
5,46,334,582.2494670001106
5,46,335,599.0170189998025
5,46,336,587.139266000122
5,46,337,585.0179329991079
5,46,338,584.484237999277
5,46,339,573.3821399999215
5,46,340,566.2777349998578
5,46,341,591.3015040005121
5,46,342,587.9584770000292
5,46,343,601.0253899994495
5,46,344,618.9717130000645
5,46,345,574.4753740000306
5,46,346,584.1414730002725
5,46,347,590.4334979995838
5,46,348,590.0617099996452
5,46,349,604.6079879997706
5,46,350,602.9458559996783
5,46,351,606.335358999786
5,46,352,579.211662000489
5,46,353,584.4065900000714
5,46,354,588.0668240006344
5,46,355,579.9720400000297
5,46,356,570.1371430004656
5,46,357,573.8481790003789
5,46,358,580.2289430002929
5,46,359,584.0539549999448
5,46,360,582.3421660006716
5,46,361,592.9448289998618
5,46,362,615.6358890002593
5,46,363,578.5159460001523
5,46,364,593.4936150006251
5,46,365,579.5385490000626
5,46,366,570.6573369998296
5,46,367,582.348333000482
5,46,368,594.6207430006325
5,46,369,583.382236000034
5,46,370,576.4295369999672
5,46,371,573.5037180002109
5,46,372,599.2221650003557
5,46,373,574.8990600004618
5,46,374,572.3393039997973
5,46,375,580.5202150004334
5,46,376,578.2282850004776
5,46,377,607.1933789999093
5,46,378,581.3786580001761
5,46,379,594.1667560000496
5,46,380,565.4195110000728
5,46,381,570.191087999774
5,46,382,582.5888580002356
5,46,383,567.5524719999885
5,46,384,594.773477999297
5,46,385,570.8404769993649
5,46,386,576.9104190003418
5,46,387,601.3540699996156
5,46,388,548.9003180000509
5,46,389,642.6485640004103
5,46,390,596.4497969998774
5,46,391,578.5308329996042
5,46,392,568.7816640001984
5,46,393,574.2644640004073
5,46,394,601.0693730004277
5,46,395,571.9511119996241
5,46,396,598.6833599999954
5,46,397,559.7706570006267
5,46,398,574.3815220002944
5,46,399,573.7520920001771
5,46,400,572.4158040002294
